posting_item_id,posting_id,order_id,pickup_point_id,fulfilment_channel,handover_date,event_type,record_status,item_value,item_commission
I00183037,O0048298-B1,O0048298,P00748,warehouse,2026-02-18,handover,final,0.99,0.0544
I00093735,O0024663-B1,O0024663,P00400,warehouse,2026-02-01,handover,final,2.9,0.1595
I00033589,O0008868-B2,O0008868,P00682,warehouse,2026-02-21,handover,final,0.99,0.0544
I00200333,O0052836-B1,O0052836,P00132,warehouse,2026-02-22,handover,final,2.51,0.138
I00115209,O0030309-B1,O0030309,P00054,cross_border,2026-02-28,handover,final,0.99,0.0544
I00162353,O0042841-B2,O0042841,P00156,cross_border,2026-02-23,handover,final,19.8,1.089
I00103261,O0027104-B1,O0027104,P00020,warehouse,2026-02-28,handover,final,3.05,0.1677
I00179598,O0047418-B1,O0047418,P00759,warehouse,2026-02-20,handover,final,3.87,0.2128
I00034389,O0009093-B2,O0009093,P00533,warehouse,2026-02-17,handover,final,41.63,2.2896
I00150674,O0039764-B1,O0039764,P00582,warehouse,2026-02-03,handover,final,2.19,0.1204
I00105581,O0027730-B1,O0027730,P00320,cross_border,2026-02-10,handover,final,0.99,0.0544
I00162345,O0042839-B1,O0042839,P00815,cross_border,2026-02-13,handover,final,0.99,0.0544
R00008461,O0002222-B2,O0002222,P00568,warehouse,2026-02-16,handover_return,final,-3.9,-0.2145
I00080577,O0021248-B1,O0021248,P00093,warehouse,2026-02-18,handover,final,2.24,0.1232
I00051831,O0013650-B1,O0013650,P00383,warehouse,2026-02-05,handover,final,1.19,0.0654
I00108206,O0028438-B1,O0028438,P00485,warehouse,2026-02-14,handover,final,0.99,0.0544
I00170656,O0045001-B1,O0045001,P00770,warehouse,2026-02-11,handover,final,0.99,0.0544
X00052457,O9013820-B1,O0013820,P00266,warehouse,2026-02-21,handover_return,final,-11.37,-0.6254
I00035882,O0009501-B1,O0009501,P00640,retail,2026-02-23,handover,final,9.43,0.5186
I00187944,O0049576-B1,O0049576,P00708,warehouse,2026-02-10,handover,final,0.99,0.0544
I00198005,O0052212-B1,O0052212,P00384,warehouse,2026-02-10,handover,final,20.09,1.105
I00141034,O0037185-B1,O0037185,P00475,merchant_shipped,2026-02-21,handover,final,6.57,0.3614
I00115052,O0030264-B1,O0030264,P00056,warehouse,2026-02-11,handover,final,0.99,0.0544
I00080908,O0021337-B1,O0021337,P00065,warehouse,2026-02-08,handover,final,0.99,0.0544
I00134696,O0035495-B1,O0035495,P00363,warehouse,2026-02-24,handover,final,6.63,0.3646
I00041101,O0010851-B1,O0010851,P00264,warehouse,2026-02-14,handover,final,0.99,0.0544
I00200722,O0052939-B1,O0052939,P00737,warehouse,2026-02-21,handover,final,7.84,0.4312
I00097375,O0025614-B1,O0025614,P00189,retail,2026-02-20,handover,final,16.12,0.8866
I00226803,O0059872-B1,O0059872,P00181,warehouse,2026-02-12,handover,final,0.99,0.0544
I00159612,O0042099-B1,O0042099,P00085,warehouse,2026-02-20,handover,final,0.99,0.0544
I00084668,O0022310-B1,O0022310,P00356,warehouse,2026-02-06,handover,final,1.9,0.1045
I00156524,O0041300-B1,O0041300,P00659,warehouse,2026-02-12,handover,final,0.99,0.0544
I00136485,O0035952-B1,O0035952,P00351,warehouse,2026-02-19,handover,final,0.99,0.0544
I00107116,O0028154-B1,O0028154,P00779,warehouse,2026-02-18,handover,final,14.87,0.8178
I00214848,O0056623-B1,O0056623,P00079,warehouse,2026-02-09,handover,final,7.48,0.4114
I00003439,O0000896-B1,O0000896,P00348,warehouse,2026-02-04,handover,final,3.0,0.165
I00136179,O0035875-B2,O0035875,P00388,warehouse,2026-02-21,handover,final,0.99,0.0544
I00200871,O0052979-B1,O0052979,P00498,warehouse,2026-02-19,handover,final,0.99,0.0544
R00161020,O0042486-B2,O0042486,P00199,warehouse,2026-02-10,handover_return,final,-3.44,-0.1892
I00189321,O0049916-B1,O0049916,P00038,warehouse,2026-02-06,handover,final,20.45,1.1248
R00120947,O0031828-B1,O0031828,P00493,warehouse,2026-02-07,handover_return,final,-0.99,-0.0544
I00116575,O0030666-B2,O0030666,P00606,cross_border,2026-02-18,handover,final,4.37,0.2404
I00006991,O0001820-B1,O0001820,P00501,retail,2026-02-26,handover,final,0.99,0.0544
I00211711,O0055785-B1,O0055785,P00534,warehouse,2026-02-11,handover,final,1.18,0.0649
I00049239,O0012997-B1,O0012997,P00575,warehouse,2026-02-16,handover,final,0.99,0.0544
I00028986,O0007648-B2,O0007648,P00276,warehouse,2026-02-13,handover,final,11.91,0.655
R00157841,O0041662-B1,O0041662,P00783,warehouse,2026-02-25,handover_return,final,-1.01,-0.0556
I00090381,O0023767-B1,O0023767,P00061,warehouse,2026-02-15,handover,final,3.31,0.1821
I00021117,O0005580-B1,O0005580,P00128,warehouse,2026-02-11,handover,final,7.51,0.413
I00203257,O0053590-B1,O0053590,P00048,warehouse,2026-02-14,handover,final,0.99,0.0544
I00188453,O0049703-B2,O0049703,P00195,warehouse,2026-02-19,handover,final,7.02,0.3861
I00187294,O0049388-B2,O0049388,P00339,warehouse,2026-02-25,handover,final,0.99,0.0544
I00191155,O0050406-B2,O0050406,P00025,warehouse,2026-02-03,handover,final,1.71,0.094
I00207913,O0054818-B1,O0054818,P00662,warehouse,2026-02-02,handover,final,1.58,0.0869
I00094070,O0024750-B2,O0024750,P00162,warehouse,2026-02-04,handover,final,1.7,0.0935
I00100245,O0026367-B1,O0026367,P00008,merchant_shipped,2026-02-08,handover,final,6.26,0.3443
I00063827,O0016787-B1,O0016787,P00616,warehouse,2026-02-27,handover,final,2.39,0.1314
I00073235,O0019321-B1,O0019321,P00132,warehouse,2026-02-08,handover,final,0.99,0.0544
I00121990,O0032092-B1,O0032092,P00059,merchant_shipped,2026-02-22,handover,final,7.96,0.4378
I00163275,O0043072-B1,O0043072,P00461,warehouse,2026-02-25,handover,final,0.99,0.0544
I00035817,O0009476-B1,O0009476,P00760,warehouse,2026-02-22,handover,final,3.32,0.1826
I00184233,O0048590-B1,O0048590,P00069,retail,2026-02-15,handover,final,2.66,0.1463
I00192953,O0050892-B1,O0050892,P00845,warehouse,2026-02-19,handover,final,4.43,0.2436
I00182290,O0048105-B1,O0048105,P00326,warehouse,2026-02-19,handover,final,23.9,1.3145
I00050597,O0013340-B1,O0013340,P00048,merchant_shipped,2026-02-26,handover,final,58.09,2.5
I00059730,O0015745-B1,O0015745,P00570,warehouse,2026-02-12,handover,final,26.8,1.474
I00110202,O0028966-B1,O0028966,P00656,warehouse,2026-02-20,handover,final,1.38,0.0759
I00205225,O0054115-B2,O0054115,P00252,warehouse,2026-02-19,handover,final,0.99,0.0544
I00187160,O0049345-B1,O0049345,P00198,cross_border,2026-02-02,handover,final,11.83,0.6507
I00111454,O0029309-B1,O0029309,P00565,warehouse,2026-02-23,handover,final,0.99,0.0544
I00116120,O0030546-B1,O0030546,P00381,merchant_shipped,2026-02-09,handover,final,1.6,0.088
I00020989,O0005542-B2,O0005542,P00404,warehouse,2026-02-05,handover,final,7.49,0.412
I00190723,O0050280-B1,O0050280,P00207,merchant_shipped,2026-02-13,handover,final,6.41,0.3526
I00178241,O0047065-B1,O0047065,P00447,cross_border,2026-02-22,handover,final,11.41,0.6276
I00016917,O0004462-B1,O0004462,P00503,cross_border,2026-02-26,handover,final,5.32,0.2926
I00205560,O0054209-B1,O0054209,P00586,merchant_shipped,2026-02-02,handover,final,49.87,2.5
I00007239,O0001890-B1,O0001890,P00286,warehouse,2026-02-13,handover,final,1.32,0.0726
I00057370,O0015132-B1,O0015132,P00687,warehouse,2026-02-21,handover,final,2.61,0.1435
I00012124,O0003189-B1,O0003189,P00346,warehouse,2026-02-17,handover,final,1.63,0.0896
I00016706,O0004400-B1,O0004400,P00798,warehouse,2026-02-05,handover,final,1.66,0.0913
I00134911,O0035539-B1,O0035539,P00832,warehouse,2026-02-26,handover,final,0.99,0.0544
I00011114,O0002907-B1,O0002907,P00768,warehouse,2026-02-02,handover,final,5.55,0.3052
I00160279,O0042280-B1,O0042280,P00339,warehouse,2026-02-23,handover,final,14.03,0.7716
I00105552,O0027722-B1,O0027722,P00578,warehouse,2026-02-16,handover,final,2.22,0.1221
I00082111,O0021658-B1,O0021658,P00552,warehouse,2026-02-13,handover,final,1.77,0.0974
I00190677,O0050265-B1,O0050265,P00244,warehouse,2026-02-03,handover,final,4.16,0.2288
I00211348,O0055696-B1,O0055696,P00031,warehouse,2026-02-01,handover,final,1.5,0.0825
I00161938,O0042735-B1,O0042735,P00003,warehouse,2026-02-20,handover,final,2.14,0.1177
I00086402,O0022756-B1,O0022756,P00274,warehouse,2026-02-06,handover,final,0.99,0.0544
I00203285,O0053600-B1,O0053600,P00607,warehouse,2026-02-01,handover,final,0.99,0.0544
I00177603,O0046881-B2,O0046881,P00401,warehouse,2026-02-24,handover,final,0.99,0.0544
I00127193,O0033486-B2,O0033486,P00456,warehouse,2026-02-07,handover,final,0.99,0.0544
I00106723,O0028039-B1,O0028039,P00150,warehouse,2026-02-19,handover,final,0.99,0.0544
I00169609,O0044727-B1,O0044727,P00451,warehouse,2026-02-07,handover,final,0.99,0.0544
I00086436,O0022769-B2,O0022769,P00439,warehouse,2026-02-16,handover,final,4.67,0.2568
I00137627,O0036268-B1,O0036268,P00232,warehouse,2026-02-28,handover,final,1.05,0.0578
I00091995,O0024193-B1,O0024193,P00181,merchant_shipped,2026-02-02,handover,final,1.72,0.0946
I00020937,O0005529-B2,O0005529,P00449,warehouse,2026-02-09,handover,final,8.94,0.4917
I00144976,O0038197-B2,O0038197,P00748,warehouse,2026-02-18,handover,final,5.71,0.314
I00060764,O0015998-B1,O0015998,P00272,warehouse,2026-02-13,handover,final,8.1,0.4455
I00059127,O0015582-B1,O0015582,P00104,retail,2026-02-20,handover,final,7.57,0.4164
I00023006,O0006094-B2,O0006094,P00657,warehouse,2026-02-14,handover,final,1.26,0.0693
I00020106,O0005306-B1,O0005306,P00364,warehouse,2026-02-07,handover,final,0.99,0.0544
I00029731,O0007851-B1,O0007851,P00815,retail,2026-02-16,handover,final,7.55,0.4152
I00183217,O0048338-B1,O0048338,P00449,merchant_shipped,2026-02-20,handover,final,1.93,0.1062
I00166405,O0043869-B1,O0043869,P00043,warehouse,2026-02-03,handover,final,0.99,0.0544
I00069095,O0018191-B1,O0018191,P00020,warehouse,2026-02-02,handover,final,2.15,0.1182
I00202492,O0053389-B1,O0053389,P00261,warehouse,2026-02-14,handover,final,0.99,0.0544
I00120623,O0031744-B1,O0031744,P00102,warehouse,2026-02-04,handover,final,2.8,0.154
I00170828,O0045044-B2,O0045044,P00848,warehouse,2026-03-01,handover,final,12.04,0.6622
I00190220,O0050150-B1,O0050150,P00072,warehouse,2026-02-16,handover,final,0.99,0.0544
I00184693,O0048708-B1,O0048708,P00572,retail,2026-02-16,handover,final,6.68,0.3674
I00207251,O0054645-B2,O0054645,P00563,cross_border,2026-02-16,handover,final,1.33,0.0732
C00097846,O0025737-B2,O0025737,P00536,warehouse,2026-02-25,handover,corrected,2.45,0.1348
I00082384,O0021727-B1,O0021727,P00124,cross_border,2026-02-24,handover,final,8.68,0.4774
I00117837,O0031028-B2,O0031028,P00655,warehouse,2026-02-27,handover,final,4.19,0.2304
I00165610,O0043657-B2,O0043657,P00741,warehouse,2026-02-06,handover,final,2.33,0.1282
I00020041,O0005289-B1,O0005289,P00139,merchant_shipped,2026-02-11,handover,final,5.39,0.2964
I00055151,O0014530-B1,O0014530,P00404,warehouse,2026-02-06,handover,final,7.51,0.413
I00029243,O0007718-B1,O0007718,P00462,warehouse,2026-02-02,handover,final,0.99,0.0544
I00072932,O0019237-B1,O0019237,P00330,warehouse,2026-02-09,handover,final,3.27,0.1798
I00017540,O0004622-B1,O0004622,P00708,warehouse,2026-02-20,handover,final,0.99,0.0544
I00096334,O0025349-B1,O0025349,P00106,retail,2026-02-04,handover,final,5.05,0.2778
I00095564,O0025152-B1,O0025152,P00516,warehouse,2026-02-16,handover,final,13.34,0.7337
I00175476,O0046293-B1,O0046293,P00547,warehouse,2026-02-09,handover,final,5.23,0.2876
I00047115,O0012418-B1,O0012418,P00112,warehouse,2026-02-04,handover,final,1.01,0.0556
I00105911,O0027820-B2,O0027820,P00571,warehouse,2026-02-27,handover,final,5.59,0.3074
I00077926,O0020545-B1,O0020545,P00556,warehouse,2026-02-16,handover,final,3.49,0.192
I00100101,O0026323-B1,O0026323,P00397,merchant_shipped,2026-02-28,handover,final,6.91,0.38
I00159863,O0042169-B1,O0042169,P00813,warehouse,2026-02-03,handover,final,1.96,0.1078
I00198006,O0052213-B1,O0052213,P00395,warehouse,2026-02-23,handover,final,0.99,0.0544
I00161060,O0042496-B1,O0042496,P00224,warehouse,2026-02-21,handover,final,0.99,0.0544
I00042524,O0011217-B1,O0011217,P00468,warehouse,2026-02-16,handover,final,3.67,0.2018
I00093646,O0024638-B1,O0024638,P00695,warehouse,2026-02-13,handover,final,27.16,1.4938
I00090065,O0023689-B1,O0023689,P00757,merchant_shipped,2026-02-10,handover,final,3.26,0.1793
I00214632,O0056568-B1,O0056568,P00466,cross_border,2026-02-10,handover,final,13.4,0.737
I00031004,O0008183-B1,O0008183,P00835,warehouse,2026-02-08,handover,final,3.3,0.1815
I00002622,O0000690-B2,O0000690,P00840,warehouse,2026-02-24,handover,final,0.99,0.0544
I00117671,O0030974-B1,O0030974,P00221,warehouse,2026-02-10,handover,final,3.31,0.1821
I00080056,O0021114-B1,O0021114,P00695,warehouse,2026-02-20,handover,final,23.19,1.2754
I00137860,O0036333-B1,O0036333,P00002,cross_border,2026-02-05,handover,final,17.35,0.9542
I00066937,O0017612-B2,O0017612,P00108,warehouse,2026-02-27,handover,final,6.01,0.3306
I00196430,O0051809-B1,O0051809,P00527,warehouse,2026-02-17,handover,final,22.42,1.2331
R00143147,O0037720-B2,O0037720,P00747,warehouse,2026-02-09,handover_return,final,-1.92,-0.1056
I00043457,O0011451-B1,O0011451,P00706,warehouse,2026-02-02,handover,final,0.99,0.0544
I00144355,O0038033-B1,O0038033,P00007,warehouse,2026-02-25,handover,final,0.99,0.0544
I00204699,O0053984-B1,O0053984,P00475,warehouse,2026-02-23,handover,final,1.59,0.0874
I00087965,O0023152-B1,O0023152,P00580,warehouse,2026-02-05,handover,final,0.99,0.0544
I00055556,O0014650-B1,O0014650,P00297,warehouse,2026-02-19,handover,final,0.99,0.0544
I00204161,O0053842-B1,O0053842,P00579,warehouse,2026-02-28,handover,final,1.04,0.0572
I00024318,O0006426-B3,O0006426,P00107,warehouse,2026-02-14,handover,final,3.29,0.181
I00014733,O0003871-B2,O0003871,P00418,warehouse,2026-02-04,handover,final,0.99,0.0544
I00163295,O0043076-B2,O0043076,P00233,warehouse,2026-02-28,handover,final,4.72,0.2596
C00020032,O0005287-B2,O0005287,P00277,warehouse,2026-02-24,handover,corrected,1.15,0.0632
I00195976,O0051701-B1,O0051701,P00483,warehouse,2026-02-03,handover,final,2.55,0.1402
I00003129,O0000813-B1,O0000813,P00788,warehouse,2026-02-16,handover,final,1.52,0.0836
I00038117,O0010084-B1,O0010084,P00220,warehouse,2026-02-11,handover,final,1.1,0.0605
I00113386,O0029826-B3,O0029826,P00009,warehouse,2026-02-25,handover,final,3.36,0.1848
I00050300,O0013272-B1,O0013272,P00563,warehouse,2026-02-10,handover,final,2.24,0.1232
I00087092,O0022936-B1,O0022936,P00671,warehouse,2026-02-03,handover,final,2.33,0.1282
I00073959,O0019510-B2,O0019510,P00737,warehouse,2026-02-11,handover,final,1.41,0.0775
R00119419,O0031445-B1,O0031445,P00249,warehouse,2026-02-27,handover_return,final,-0.99,-0.0544
I00126031,O0033171-B2,O0033171,P00236,warehouse,2026-02-10,handover,final,2.97,0.1634
R00169179,O0044605-B1,O0044605,P00287,warehouse,2026-02-27,handover_return,final,-1.67,-0.0918
I00032529,O0008574-B1,O0008574,P00325,warehouse,2026-02-17,handover,final,2.69,0.148
I00202759,O0053457-B1,O0053457,P00073,warehouse,2026-02-16,handover,final,10.75,0.5913
I00105230,O0027645-B1,O0027645,P00173,warehouse,2026-02-25,handover,final,0.99,0.0544
I00130249,O0034306-B1,O0034306,P00342,merchant_shipped,2026-02-04,handover,final,1.51,0.083
I00100836,O0026509-B1,O0026509,P00236,warehouse,2026-02-28,handover,final,0.99,0.0544
I00105904,O0027817-B1,O0027817,P00237,warehouse,2026-02-22,handover,final,5.74,0.3157
I00131587,O0034648-B1,O0034648,P00634,merchant_shipped,2026-02-09,handover,final,5.55,0.3052
I00126333,O0033241-B1,O0033241,P00422,retail,2026-02-03,handover,final,0.99,0.0544
I00042472,O0011204-B1,O0011204,P00433,warehouse,2026-02-10,handover,final,1.62,0.0891
I00179062,O0047276-B1,O0047276,P00365,warehouse,2026-02-28,handover,final,5.1,0.2805
I00175478,O0046294-B1,O0046294,P00345,warehouse,2026-02-28,handover,final,4.16,0.2288
I00214322,O0056484-B1,O0056484,P00646,warehouse,2026-02-27,handover,final,0.99,0.0544
I00214051,O0056414-B3,O0056414,P00037,warehouse,2026-03-01,handover,final,2.9,0.1595
I00141728,O0037360-B1,O0037360,P00676,warehouse,2026-02-08,handover,final,16.24,0.8932
I00192338,O0050719-B1,O0050719,P00707,warehouse,2026-02-25,handover,final,2.15,0.1182
I00126954,O0033421-B1,O0033421,P00015,warehouse,2026-02-17,handover,final,0.99,0.0544
I00212141,O0055901-B1,O0055901,P00597,warehouse,2026-02-16,handover,final,3.33,0.1832
I00089541,O0023562-B2,O0023562,P00387,warehouse,2026-02-18,handover,final,1.53,0.0842
I00003117,O0000812-B1,O0000812,P00060,warehouse,2026-02-02,handover,final,2.2,0.121
I00110499,O0029053-B1,O0029053,P00452,retail,2026-02-03,handover,final,0.99,0.0544
I00204403,O0053903-B1,O0053903,P00849,warehouse,2026-02-18,handover,final,7.26,0.3993
I00151407,O0039949-B1,O0039949,P00255,warehouse,2026-02-15,handover,final,6.65,0.3658
I00098245,O0025839-B1,O0025839,P00531,cross_border,2026-02-09,handover,final,7.78,0.4279
I00000555,O0000146-B1,O0000146,P00588,warehouse,2026-02-28,handover,final,1.23,0.0676
I00006814,O0001774-B1,O0001774,P00386,warehouse,2026-02-02,handover,final,4.27,0.2348
I00100105,O0026324-B2,O0026324,P00335,warehouse,2026-02-24,handover,final,0.99,0.0544
I00035343,O0009362-B1,O0009362,P00583,warehouse,2026-02-24,handover,final,0.99,0.0544
I00068307,O0017991-B1,O0017991,P00238,merchant_shipped,2026-02-26,handover,final,13.36,0.7348
I00103004,O0027039-B2,O0027039,P00585,warehouse,2026-03-03,handover,final,17.08,0.9394
I00210538,O0055465-B1,O0055465,P00481,warehouse,2026-02-07,handover,final,2.76,0.1518
I00154850,O0040855-B1,O0040855,P00458,warehouse,2026-02-15,handover,final,0.99,0.0544
I00080361,O0021191-B1,O0021191,P00682,warehouse,2026-02-06,handover,final,5.4,0.297
I00079461,O0020960-B1,O0020960,P00486,warehouse,2026-02-08,handover,final,2.37,0.1304
I00213492,O0056264-B2,O0056264,P00352,cross_border,2026-02-23,handover,final,1.1,0.0605
I00003200,O0000831-B1,O0000831,P00225,warehouse,2026-02-01,handover,final,0.99,0.0544
I00112990,O0029709-B1,O0029709,P00692,warehouse,2026-02-18,handover,final,2.68,0.1474
I00020253,O0005343-B1,O0005343,P00651,retail,2026-02-16,handover,final,0.99,0.0544
I00085616,O0022548-B2,O0022548,P00606,warehouse,2026-02-21,handover,final,11.4,0.627
I00057549,O0015177-B1,O0015177,P00640,warehouse,2026-02-02,handover,final,2.34,0.1287
I00226596,O0059820-B1,O0059820,P00019,warehouse,2026-02-10,handover,final,0.99,0.0544
I00152430,O0040223-B1,O0040223,P00133,merchant_shipped,2026-02-23,handover,final,7.98,0.4389
I00005929,O0001548-B2,O0001548,P00794,warehouse,2026-02-10,handover,final,0.99,0.0544
I00174637,O0046066-B1,O0046066,P00473,warehouse,2026-02-15,handover,final,1.22,0.0671
I00183695,O0048456-B1,O0048456,P00182,warehouse,2026-02-09,handover,final,1.1,0.0605
I00014766,O0003881-B1,O0003881,P00359,warehouse,2026-02-10,handover,final,1.49,0.082
I00220506,O0058141-B1,O0058141,P00681,warehouse,2026-02-16,handover,final,6.37,0.3504
I00108724,O0028568-B1,O0028568,P00742,cross_border,2026-02-12,handover,final,2.33,0.1282
I00225297,O0059477-B1,O0059477,P00695,warehouse,2026-02-27,handover,final,0.99,0.0544
I00183002,O0048289-B1,O0048289,P00032,warehouse,2026-02-08,handover,final,1.24,0.0682
I00052609,O0013861-B1,O0013861,P00504,warehouse,2026-02-20,handover,final,1.88,0.1034
I00024681,O0006523-B1,O0006523,P00630,warehouse,2026-02-25,handover,final,2.8,0.154
R00155054,O0040906-B3,O0040906,P00582,warehouse,2026-02-20,handover_return,final,-2.79,-0.1534
I00035634,O0009432-B2,O0009432,P00566,warehouse,2026-02-28,handover,final,0.99,0.0544
I00044846,O0011842-B1,O0011842,P00098,warehouse,2026-02-22,handover,final,1.99,0.1094
I00166402,O0043867-B1,O0043867,P00011,warehouse,2026-02-22,handover,final,0.99,0.0544
I00107573,O0028265-B1,O0028265,P00359,warehouse,2026-02-18,handover,final,3.4,0.187
I00193294,O0050976-B1,O0050976,P00319,warehouse,2026-02-16,handover,final,1.6,0.088
I00183468,O0048400-B1,O0048400,P00199,warehouse,2026-02-13,handover,final,2.39,0.1314
R00102185,O0026836-B1,O0026836,P00788,retail,2026-02-17,handover_return,final,-7.18,-0.3949
I00053663,O0014131-B2,O0014131,P00707,warehouse,2026-02-15,handover,final,4.49,0.247
I00022286,O0005898-B1,O0005898,P00528,warehouse,2026-02-21,handover,final,1.77,0.0974
I00123343,O0032464-B1,O0032464,P00813,cross_border,2026-02-20,handover,final,0.99,0.0544
I00177635,O0046890-B1,O0046890,P00127,warehouse,2026-02-02,handover,final,3.72,0.2046
I00035217,O0009325-B1,O0009325,P00642,warehouse,2026-02-14,handover,final,1.78,0.0979
I00071274,O0018796-B1,O0018796,P00127,warehouse,2026-02-01,handover,final,17.24,0.9482
I00033485,O0008841-B1,O0008841,P00596,warehouse,2026-02-15,handover,final,9.88,0.5434
I00010161,O0002673-B1,O0002673,P00310,warehouse,2026-02-14,handover,final,1.94,0.1067
I00059276,O0015624-B1,O0015624,P00243,warehouse,2026-02-15,handover,final,6.68,0.3674
I00097233,O0025576-B1,O0025576,P00361,warehouse,2026-02-09,handover,final,0.99,0.0544
I00139486,O0036780-B1,O0036780,P00808,warehouse,2026-02-06,handover,final,0.99,0.0544
R00172262,O0045439-B2,O0045439,P00486,warehouse,2026-03-04,handover_return,final,-47.1,-2.5
I00028935,O0007636-B1,O0007636,P00350,warehouse,2026-02-18,handover,final,16.7,0.9185
I00081026,O0021367-B1,O0021367,P00175,warehouse,2026-02-23,handover,final,1.17,0.0643
I00026673,O0007046-B1,O0007046,P00530,warehouse,2026-02-21,handover,final,0.99,0.0544
C00194929,O0051410-B1,O0051410,P00777,cross_border,2026-02-28,handover,corrected,1.44,0.0792
I00047127,O0012423-B1,O0012423,P00168,warehouse,2026-02-17,handover,final,0.99,0.0544
I00107882,O0028354-B1,O0028354,P00487,warehouse,2026-02-03,handover,final,4.45,0.2448
I00177718,O0046915-B1,O0046915,P00258,warehouse,2026-02-02,handover,final,1.74,0.0957
I00030959,O0008170-B1,O0008170,P00765,warehouse,2026-02-24,handover,final,10.08,0.5544
I00204842,O0054022-B1,O0054022,P00217,warehouse,2026-02-14,handover,final,1.26,0.0693
I00207168,O0054623-B1,O0054623,P00309,merchant_shipped,2026-02-22,handover,final,15.64,0.8602
I00139671,O0036823-B2,O0036823,P00400,warehouse,2026-02-22,handover,final,0.99,0.0544
I00069444,O0018290-B2,O0018290,P00784,warehouse,2026-02-04,handover,final,46.88,2.5
I00139834,O0036860-B1,O0036860,P00584,cross_border,2026-02-12,handover,final,1.5,0.0825
I00023521,O0006216-B1,O0006216,P00200,merchant_shipped,2026-02-12,handover,final,13.02,0.7161
I00218467,O0057590-B2,O0057590,P00329,warehouse,2026-02-28,handover,final,4.42,0.2431
I00164052,O0043259-B3,O0043259,P00701,warehouse,2026-02-27,handover,final,0.99,0.0544
I00077440,O0020410-B1,O0020410,P00050,warehouse,2026-02-25,handover,final,1.95,0.1072
X00020610,O9005442-B1,O0005442,P00405,warehouse,2026-02-23,handover_return,final,-3.97,-0.2184
I00086742,O0022850-B1,O0022850,P00120,warehouse,2026-02-25,handover,final,0.99,0.0544
I00170379,O0044931-B2,O0044931,P00577,warehouse,2026-02-25,handover,final,3.06,0.1683
I00158086,O0041719-B1,O0041719,P00467,warehouse,2026-02-19,handover,final,0.99,0.0544
I00038101,O0010081-B2,O0010081,P00794,warehouse,2026-02-10,handover,final,0.99,0.0544
C00005930,O0001548-B2,O0001548,P00794,warehouse,2026-02-10,handover,corrected,3.49,0.192
R00092188,O0024242-B2,O0024242,P00841,warehouse,2026-02-05,handover_return,final,-0.99,-0.0544
I00088607,O0023318-B1,O0023318,P00120,warehouse,2026-02-27,handover,final,0.99,0.0544
I00159706,O0042127-B2,O0042127,P00838,warehouse,2026-02-19,handover,final,0.99,0.0544
I00133483,O0035158-B1,O0035158,P00050,warehouse,2026-02-12,handover,final,3.9,0.2145
R00157074,O0041453-B1,O0041453,P00409,warehouse,2026-02-28,handover_return,final,-1.95,-0.1072
I00023104,O0006117-B1,O0006117,P00708,warehouse,2026-02-18,handover,final,3.06,0.1683
I00178523,O0047141-B1,O0047141,P00830,warehouse,2026-02-04,handover,final,0.99,0.0544
I00136761,O0036033-B1,O0036033,P00165,warehouse,2026-02-16,handover,final,0.99,0.0544
I00198477,O0052345-B1,O0052345,P00034,warehouse,2026-02-01,handover,final,1.15,0.0632
I00020611,O0005442-B1,O0005442,P00405,warehouse,2026-02-23,handover,final,4.51,0.248
I00145358,O0038313-B1,O0038313,P00570,warehouse,2026-02-25,handover,final,0.99,0.0544
I00059302,O0015630-B1,O0015630,P00277,warehouse,2026-02-28,handover,final,0.99,0.0544
I00147701,O0038954-B1,O0038954,P00551,warehouse,2026-02-25,handover,final,2.53,0.1392
I00075282,O0019856-B1,O0019856,P00348,warehouse,2026-02-15,handover,final,7.75,0.4262
I00020406,O0005386-B2,O0005386,P00532,warehouse,2026-02-05,handover,final,1.56,0.0858
I00197528,O0052089-B1,O0052089,P00654,warehouse,2026-02-20,handover,final,3.08,0.1694
R00074961,O0019767-B1,O0019767,P00374,warehouse,2026-02-11,handover_return,final,-0.99,-0.0544
R00043811,O0011547-B1,O0011547,P00573,warehouse,2026-02-19,handover_return,final,-0.99,-0.0544
I00094441,O0024850-B1,O0024850,P00761,warehouse,2026-02-17,handover,final,1.39,0.0764
I00035835,O0009481-B1,O0009481,P00543,warehouse,2026-02-17,handover,final,1.68,0.0924
I00176374,O0046536-B1,O0046536,P00339,warehouse,2026-02-01,handover,final,6.54,0.3597
I00192590,O0050786-B1,O0050786,P00736,warehouse,2026-02-17,handover,final,1.57,0.0864
I00067460,O0017747-B1,O0017747,P00163,warehouse,2026-02-08,handover,final,5.2,0.286
I00129989,O0034244-B2,O0034244,P00412,warehouse,2026-02-12,handover,final,20.19,1.1105
I00217036,O0057213-B1,O0057213,P00496,warehouse,2026-02-24,handover,final,4.3,0.2365
I00119430,O0031448-B1,O0031448,P00227,cross_border,2026-02-18,handover,final,13.06,0.7183
I00033247,O0008770-B1,O0008770,P00130,warehouse,2026-02-21,handover,final,0.99,0.0544
I00145518,O0038356-B1,O0038356,P00692,warehouse,2026-02-14,handover,final,0.99,0.0544
I00194282,O0051235-B1,O0051235,P00461,warehouse,2026-02-15,handover,final,37.54,2.0647
R00005113,O0001329-B1,O0001329,P00249,warehouse,2026-03-03,handover_return,final,-1.29,-0.071
I00218645,O0057646-B1,O0057646,P00261,retail,2026-02-11,handover,final,8.77,0.4824
I00058441,O0015401-B1,O0015401,P00615,warehouse,2026-02-09,handover,final,2.19,0.1204
I00197029,O0051969-B1,O0051969,P00743,warehouse,2026-02-04,handover,final,0.99,0.0544
I00154916,O0040873-B1,O0040873,P00615,retail,2026-02-21,handover,final,3.6,0.198
I00035223,O0009325-B2,O0009325,P00642,warehouse,2026-02-17,handover,final,1.1,0.0605
I00140700,O0037095-B1,O0037095,P00161,warehouse,2026-02-15,handover,final,3.74,0.2057
I00108117,O0028412-B2,O0028412,P00144,warehouse,2026-02-15,handover,final,0.99,0.0544
I00106600,O0028009-B1,O0028009,P00523,warehouse,2026-02-18,handover,final,0.99,0.0544
I00055314,O0014579-B1,O0014579,P00517,warehouse,2026-02-24,handover,final,4.72,0.2596
I00144173,O0037991-B1,O0037991,P00810,warehouse,2026-02-24,handover,final,0.99,0.0544
I00088391,O0023264-B1,O0023264,P00437,warehouse,2026-02-28,handover,final,5.81,0.3196
I00079583,O0020988-B1,O0020988,P00635,warehouse,2026-02-02,handover,final,0.99,0.0544
I00012897,O0003385-B1,O0003385,P00393,warehouse,2026-02-21,handover,final,0.99,0.0544
I00065161,O0017151-B1,O0017151,P00175,warehouse,2026-02-04,handover,final,1.04,0.0572
I00168403,O0044390-B1,O0044390,P00776,warehouse,2026-02-24,handover,final,4.13,0.2272
I00201097,O0053036-B1,O0053036,P00160,warehouse,2026-02-13,handover,final,0.99,0.0544
I00170080,O0044856-B1,O0044856,P00198,warehouse,2026-02-07,handover,final,6.15,0.3382
I00093978,O0024729-B1,O0024729,P00487,warehouse,2026-02-15,handover,final,5.74,0.3157
I00197402,O0052059-B1,O0052059,P00817,warehouse,2026-02-21,handover,final,2.69,0.148
R00056658,O0014936-B1,O0014936,P00382,warehouse,2026-02-23,handover_return,final,-2.48,-0.1364
I00144930,O0038185-B2,O0038185,P00094,warehouse,2026-03-01,handover,final,3.87,0.2128
I00009851,O0002595-B1,O0002595,P00402,warehouse,2026-02-23,handover,final,4.27,0.2348
I00058052,O0015304-B1,O0015304,P00082,warehouse,2026-02-16,handover,final,1.55,0.0853
I00172561,O0045525-B1,O0045525,P00286,warehouse,2026-02-08,handover,final,0.99,0.0544
I00094183,O0024783-B1,O0024783,P00164,warehouse,2026-02-20,handover,final,40.92,2.2506
C00027273,O0007205-B1,O0007205,P00322,warehouse,2026-02-09,handover,corrected,2.93,0.1612
I00108450,O0028500-B2,O0028500,P00052,warehouse,2026-02-06,handover,final,0.99,0.0544
I00029890,O0007896-B1,O0007896,P00479,warehouse,2026-02-22,handover,final,0.99,0.0544
R00043192,O0011387-B1,O0011387,P00315,merchant_shipped,2026-02-10,handover_return,final,-2.69,-0.148
I00160167,O0042248-B1,O0042248,P00684,warehouse,2026-02-02,handover,final,5.12,0.2816
I00025854,O0006841-B1,O0006841,P00849,warehouse,2026-02-07,handover,final,24.78,1.3629
I00184395,O0048636-B1,O0048636,P00400,warehouse,2026-02-17,handover,final,0.99,0.0544
I00120877,O0031811-B1,O0031811,P00769,warehouse,2026-02-26,handover,final,1.54,0.0847
I00208490,O0054952-B3,O0054952,P00539,warehouse,2026-02-04,handover,final,2.85,0.1568
I00046170,O0012177-B1,O0012177,P00762,warehouse,2026-02-27,handover,final,2.99,0.1645
I00126229,O0033214-B1,O0033214,P00290,retail,2026-02-21,handover,final,6.08,0.3344
I00131427,O0034600-B1,O0034600,P00651,warehouse,2026-02-28,handover,final,1.91,0.105
I00035602,O0009427-B1,O0009427,P00092,warehouse,2026-02-12,handover,final,8.85,0.4868
I00150016,O0039581-B1,O0039581,P00712,warehouse,2026-02-21,handover,final,0.99,0.0544
I00022285,O0005898-B1,O0005898,P00528,warehouse,2026-02-21,handover,final,6.81,0.3746
I00007318,O0001909-B1,O0001909,P00109,warehouse,2026-02-18,handover,final,29.4,1.617
I00215639,O0056849-B1,O0056849,P00095,warehouse,2026-02-01,handover,final,3.33,0.1832
I00051186,O0013483-B1,O0013483,P00808,warehouse,2026-02-18,handover,final,2.0,0.11
I00183355,O0048375-B1,O0048375,P00486,warehouse,2026-02-23,handover,final,0.99,0.0544
I00054392,O0014324-B1,O0014324,P00042,warehouse,2026-02-27,handover,final,1.42,0.0781
I00205577,O0054215-B1,O0054215,P00780,warehouse,2026-02-03,handover,final,0.99,0.0544
I00058259,O0015356-B1,O0015356,P00568,warehouse,2026-02-04,handover,final,0.99,0.0544
I00032751,O0008633-B1,O0008633,P00729,warehouse,2026-02-06,handover,final,0.99,0.0544
I00163161,O0043038-B1,O0043038,P00063,warehouse,2026-02-23,handover,final,0.99,0.0544
I00150889,O0039819-B1,O0039819,P00729,cross_border,2026-02-22,handover,final,12.31,0.677
I00167695,O0044216-B2,O0044216,P00677,warehouse,2026-02-16,handover,final,3.85,0.2118
I00091649,O0024099-B1,O0024099,P00243,warehouse,2026-02-14,handover,final,1.57,0.0864
I00056158,O0014805-B1,O0014805,P00096,warehouse,2026-02-22,handover,final,3.96,0.2178
R00206253,O0054392-B1,O0054392,P00291,cross_border,2026-03-01,handover_return,final,-138.27,-2.5
I00143360,O0037774-B1,O0037774,P00779,merchant_shipped,2026-02-19,handover,final,5.1,0.2805
I00175573,O0046325-B2,O0046325,P00762,warehouse,2026-02-22,handover,final,1.85,0.1018
I00132288,O0034838-B1,O0034838,P00088,warehouse,2026-02-15,handover,final,0.99,0.0544
I00211799,O0055811-B1,O0055811,P00173,warehouse,2026-02-24,handover,final,1.38,0.0759
I00042588,O0011233-B1,O0011233,P00654,warehouse,2026-02-04,handover,final,1.98,0.1089
I00125880,O0033143-B1,O0033143,P00554,warehouse,2026-02-19,handover,final,6.09,0.3349
I00014459,O0003804-B1,O0003804,P00393,warehouse,2026-02-26,handover,final,2.73,0.1502
I00073908,O0019498-B1,O0019498,P00046,cross_border,2026-02-23,handover,final,14.51,0.798
I00067882,O0017866-B1,O0017866,P00844,warehouse,2026-02-15,handover,final,0.99,0.0544
I00052934,O0013946-B1,O0013946,P00596,warehouse,2026-02-14,handover,final,4.48,0.2464
I00055251,O0014560-B1,O0014560,P00188,warehouse,2026-02-15,handover,final,1.54,0.0847
I00054328,O0014304-B2,O0014304,P00277,warehouse,2026-02-16,handover,final,4.9,0.2695
I00175592,O0046332-B1,O0046332,P00675,warehouse,2026-02-10,handover,final,2.57,0.1414
I00198546,O0052361-B1,O0052361,P00814,warehouse,2026-02-24,handover,final,1.1,0.0605
C00130545,O0034378-B1,O0034378,P00759,warehouse,2026-02-26,handover,corrected,3.02,0.1661
I00086803,O0022868-B2,O0022868,P00014,warehouse,2026-02-04,handover,final,1.83,0.1006
I00021969,O0005809-B1,O0005809,P00407,cross_border,2026-02-04,handover,final,4.15,0.2282
I00148955,O0039287-B1,O0039287,P00499,warehouse,2026-02-22,handover,final,0.99,0.0544
I00012378,O0003250-B2,O0003250,P00415,warehouse,2026-02-17,handover,final,0.99,0.0544
I00098134,O0025812-B2,O0025812,P00068,warehouse,2026-02-25,handover,final,7.12,0.3916
I00199335,O0052573-B1,O0052573,P00449,warehouse,2026-02-06,handover,final,1.33,0.0732
C00165002,O0043497-B2,O0043497,P00026,warehouse,2026-02-15,handover,corrected,2.75,0.1512
I00009256,O0002425-B1,O0002425,P00042,warehouse,2026-02-14,handover,final,2.21,0.1216
I00177720,O0046916-B1,O0046916,P00210,warehouse,2026-02-14,handover,final,0.99,0.0544
I00015151,O0003973-B1,O0003973,P00763,warehouse,2026-02-20,handover,final,0.99,0.0544
I00028865,O0007618-B1,O0007618,P00089,merchant_shipped,2026-02-26,handover,final,85.82,2.5
I00055643,O0014671-B3,O0014671,P00764,warehouse,2026-02-06,handover,final,0.99,0.0544
I00003357,O0000872-B1,O0000872,P00611,warehouse,2026-02-07,handover,final,0.99,0.0544
I00148692,O0039229-B1,O0039229,P00478,warehouse,2026-02-18,handover,final,5.09,0.2799
I00044405,O0011715-B1,O0011715,P00629,warehouse,2026-02-27,handover,final,11.31,0.622
I00053092,O0013988-B1,O0013988,P00546,warehouse,2026-02-18,handover,final,9.82,0.5401
I00162127,O0042782-B1,O0042782,P00639,cross_border,2026-02-09,handover,final,7.52,0.4136
I00217507,O0057337-B1,O0057337,P00581,warehouse,2026-02-17,handover,final,1.28,0.0704
I00225176,O0059435-B1,O0059435,P00088,warehouse,2026-02-22,handover,final,9.69,0.5329
I00001383,O0000373-B2,O0000373,P00733,warehouse,2026-02-15,handover,final,1.67,0.0918
I00147837,O0038988-B1,O0038988,P00303,cross_border,2026-02-12,handover,final,0.99,0.0544
I00019385,O0005100-B1,O0005100,P00516,warehouse,2026-02-01,handover,final,1.34,0.0737
I00082718,O0021805-B1,O0021805,P00656,retail,2026-02-23,handover,final,4.84,0.2662
I00051959,O0013687-B1,O0013687,P00161,warehouse,2026-02-11,handover,final,3.99,0.2194
I00122713,O0032282-B1,O0032282,P00821,warehouse,2026-02-24,handover,final,3.83,0.2106
I00181967,O0048025-B2,O0048025,P00338,retail,2026-02-23,handover,final,3.54,0.1947
I00012582,O0003307-B1,O0003307,P00759,warehouse,2026-02-11,handover,final,1.05,0.0578
I00195528,O0051574-B1,O0051574,P00197,warehouse,2026-02-03,handover,final,6.18,0.3399
I00106388,O0027949-B1,O0027949,P00699,warehouse,2026-02-07,handover,final,4.33,0.2382
I00173982,O0045889-B1,O0045889,P00065,merchant_shipped,2026-02-26,handover,final,3.64,0.2002
I00221923,O0058542-B1,O0058542,P00553,warehouse,2026-02-12,handover,final,5.31,0.292
I00167032,O0044037-B2,O0044037,P00539,warehouse,2026-02-21,handover,final,0.99,0.0544
I00051939,O0013683-B1,O0013683,P00693,warehouse,2026-02-09,handover,final,5.87,0.3229
I00008726,O0002286-B1,O0002286,P00128,warehouse,2026-02-13,handover,final,2.16,0.1188
I00223372,O0058947-B1,O0058947,P00240,cross_border,2026-02-24,handover,final,7.22,0.3971
I00094983,O0024993-B1,O0024993,P00734,warehouse,2026-02-23,handover,final,3.2,0.176
C00044247,O0011667-B1,O0011667,P00052,warehouse,2026-02-16,handover,corrected,3.81,0.2096
I00004822,O0001255-B1,O0001255,P00570,warehouse,2026-02-22,handover,final,0.99,0.0544
I00182918,O0048272-B2,O0048272,P00508,warehouse,2026-02-04,handover,final,12.5,0.6875
I00158621,O0041848-B1,O0041848,P00247,warehouse,2026-02-08,handover,final,2.14,0.1177
I00071612,O0018890-B1,O0018890,P00174,warehouse,2026-02-26,handover,final,0.99,0.0544
I00023761,O0006275-B1,O0006275,P00446,warehouse,2026-02-26,handover,final,1.82,0.1001
I00098767,O0025978-B1,O0025978,P00235,warehouse,2026-02-06,handover,final,1.15,0.0632
I00186122,O0049067-B1,O0049067,P00315,warehouse,2026-02-24,handover,final,7.4,0.407
I00125040,O0032925-B1,O0032925,P00782,warehouse,2026-02-15,handover,final,1.77,0.0974
I00106100,O0027873-B1,O0027873,P00676,warehouse,2026-02-11,handover,final,0.99,0.0544
I00111478,O0029317-B1,O0029317,P00248,warehouse,2026-02-19,handover,final,4.58,0.2519
I00083368,O0021978-B1,O0021978,P00420,warehouse,2026-02-20,handover,final,0.99,0.0544
I00067811,O0017845-B1,O0017845,P00657,warehouse,2026-02-21,handover,final,1.34,0.0737
I00181753,O0047970-B1,O0047970,P00335,warehouse,2026-02-11,handover,final,1.88,0.1034
I00151334,O0039926-B1,O0039926,P00067,retail,2026-02-08,handover,final,0.99,0.0544
I00162455,O0042866-B2,O0042866,P00142,warehouse,2026-02-07,handover,final,1.16,0.0638
I00087029,O0022922-B1,O0022922,P00490,warehouse,2026-02-05,handover,final,0.99,0.0544
I00096374,O0025360-B1,O0025360,P00580,warehouse,2026-02-20,handover,final,9.5,0.5225
I00099494,O0026168-B1,O0026168,P00172,warehouse,2026-02-15,handover,final,1.23,0.0676
I00213872,O0056367-B1,O0056367,P00283,merchant_shipped,2026-02-07,handover,final,26.19,1.4404
I00141425,O0037281-B1,O0037281,P00520,cross_border,2026-02-17,handover,final,20.16,1.1088
I00116103,O0030540-B1,O0030540,P00409,warehouse,2026-02-14,handover,final,1.72,0.0946
I00205047,O0054074-B1,O0054074,P00535,warehouse,2026-02-28,handover,final,20.27,1.1148
I00177685,O0046906-B1,O0046906,P00233,warehouse,2026-02-22,handover,final,1.56,0.0858
I00049581,O0013088-B1,O0013088,P00719,cross_border,2026-02-12,handover,final,10.93,0.6012
I00203096,O0053545-B1,O0053545,P00700,retail,2026-02-15,handover,final,2.58,0.1419
I00192116,O0050660-B1,O0050660,P00059,warehouse,2026-02-08,handover,final,0.99,0.0544
I00170472,O0044948-B1,O0044948,P00820,warehouse,2026-02-02,handover,final,2.17,0.1194
I00118364,O0031157-B1,O0031157,P00175,merchant_shipped,2026-02-21,handover,final,33.63,1.8497
I00096023,O0025279-B1,O0025279,P00068,warehouse,2026-02-16,handover,final,10.96,0.6028
I00066911,O0017606-B1,O0017606,P00485,warehouse,2026-02-09,handover,final,3.57,0.1964
I00035534,O0009409-B1,O0009409,P00297,warehouse,2026-02-04,handover,final,0.99,0.0544
I00185545,O0048918-B1,O0048918,P00093,warehouse,2026-02-19,handover,final,0.99,0.0544
C00139911,O0036873-B2,O0036873,P00372,warehouse,2026-02-26,handover,corrected,0.8,0.044
I00185868,O0049001-B1,O0049001,P00794,cross_border,2026-02-03,handover,final,10.58,0.5819
I00058637,O0015447-B2,O0015447,P00087,warehouse,2026-02-15,handover,final,0.99,0.0544
I00065585,O0017252-B1,O0017252,P00372,warehouse,2026-02-06,handover,final,0.99,0.0544
I00036424,O0009645-B1,O0009645,P00358,warehouse,2026-02-24,handover,final,1.56,0.0858
I00167253,O0044103-B1,O0044103,P00464,warehouse,2026-02-24,handover,final,2.52,0.1386
I00036721,O0009714-B1,O0009714,P00385,warehouse,2026-02-14,handover,final,1.77,0.0974
I00167460,O0044154-B2,O0044154,P00431,warehouse,2026-03-01,handover,final,0.99,0.0544
I00068846,O0018122-B1,O0018122,P00326,warehouse,2026-02-02,handover,final,15.17,0.8344
C00021370,O0005652-B1,O0005652,P00588,retail,2026-02-07,handover,corrected,1.45,0.0798
I00120062,O0031596-B2,O0031596,P00797,warehouse,2026-02-18,handover,final,6.84,0.3762
I00188303,O0049664-B1,O0049664,P00166,warehouse,2026-02-16,handover,final,5.37,0.2954
I00220990,O0058274-B1,O0058274,P00338,warehouse,2026-02-08,handover,final,4.32,0.2376
I00086435,O0022769-B1,O0022769,P00439,warehouse,2026-02-14,handover,final,2.24,0.1232
I00081362,O0021458-B1,O0021458,P00452,warehouse,2026-02-19,handover,final,1.1,0.0605
I00008729,O0002286-B1,O0002286,P00128,warehouse,2026-02-13,handover,final,2.99,0.1645
I00044130,O0011639-B1,O0011639,P00294,warehouse,2026-02-15,handover,final,0.99,0.0544
I00220345,O0058104-B1,O0058104,P00252,warehouse,2026-02-23,handover,final,0.99,0.0544
I00030453,O0008049-B1,O0008049,P00765,warehouse,2026-02-21,handover,final,0.99,0.0544
I00156897,O0041401-B1,O0041401,P00562,warehouse,2026-02-03,handover,final,2.85,0.1568
I00022847,O0006052-B1,O0006052,P00139,warehouse,2026-02-19,handover,final,4.86,0.2673
I00207055,O0054594-B1,O0054594,P00058,warehouse,2026-02-06,handover,final,0.99,0.0544
I00018738,O0004928-B1,O0004928,P00657,warehouse,2026-02-27,handover,final,3.84,0.2112
I00111282,O0029261-B2,O0029261,P00672,warehouse,2026-02-12,handover,final,23.16,1.2738
I00128567,O0033860-B1,O0033860,P00522,warehouse,2026-02-27,handover,final,0.99,0.0544
I00184695,O0048709-B1,O0048709,P00604,warehouse,2026-02-12,handover,final,1.85,0.1018
I00180823,O0047729-B3,O0047729,P00344,warehouse,2026-02-24,handover,final,2.84,0.1562
I00021455,O0005679-B1,O0005679,P00370,warehouse,2026-02-27,handover,final,0.99,0.0544
I00107839,O0028342-B1,O0028342,P00683,warehouse,2026-02-11,handover,final,0.99,0.0544
I00029834,O0007883-B1,O0007883,P00057,warehouse,2026-02-08,handover,final,5.72,0.3146
I00018220,O0004801-B1,O0004801,P00527,warehouse,2026-02-20,handover,final,1.37,0.0754
R00110956,O0029176-B1,O0029176,P00392,warehouse,2026-02-16,handover_return,final,-0.99,-0.0544
I00166411,O0043871-B1,O0043871,P00399,warehouse,2026-02-06,handover,final,0.99,0.0544
I00204333,O0053885-B1,O0053885,P00009,warehouse,2026-02-02,handover,final,0.99,0.0544
I00000585,O0000155-B2,O0000155,P00141,warehouse,2026-02-25,handover,final,0.99,0.0544
I00134924,O0035543-B1,O0035543,P00333,warehouse,2026-02-28,handover,final,6.87,0.3778
I00054871,O0014464-B1,O0014464,P00624,warehouse,2026-02-12,handover,final,22.09,1.215
I00048649,O0012822-B1,O0012822,P00358,warehouse,2026-02-22,handover,final,2.78,0.1529
I00076354,O0020138-B1,O0020138,P00435,warehouse,2026-02-18,handover,final,0.99,0.0544
I00165653,O0043668-B1,O0043668,P00229,warehouse,2026-02-18,handover,final,1.83,0.1006
I00033864,O0008949-B1,O0008949,P00042,warehouse,2026-02-17,handover,final,0.99,0.0544
I00208498,O0054953-B1,O0054953,P00781,warehouse,2026-02-27,handover,final,0.99,0.0544
I00007793,O0002032-B1,O0002032,P00252,warehouse,2026-02-06,handover,final,3.53,0.1942
I00067656,O0017798-B1,O0017798,P00274,warehouse,2026-02-05,handover,final,2.07,0.1138
I00053788,O0014164-B1,O0014164,P00501,warehouse,2026-02-16,handover,final,0.99,0.0544
I00204777,O0054003-B1,O0054003,P00125,cross_border,2026-02-28,handover,final,6.42,0.3531
I00019013,O0005006-B1,O0005006,P00165,warehouse,2026-02-17,handover,final,4.02,0.2211
I00105176,O0027631-B1,O0027631,P00659,warehouse,2026-02-07,handover,final,2.45,0.1348
I00069129,O0018200-B1,O0018200,P00246,warehouse,2026-02-07,handover,final,0.99,0.0544
I00086090,O0022675-B1,O0022675,P00663,warehouse,2026-02-28,handover,final,0.99,0.0544
I00170195,O0044882-B1,O0044882,P00600,warehouse,2026-02-07,handover,final,1.03,0.0566
I00052021,O0013701-B1,O0013701,P00367,warehouse,2026-02-25,handover,final,0.99,0.0544
I00171172,O0045147-B1,O0045147,P00001,warehouse,2026-02-12,handover,final,3.6,0.198
C00086632,O0022818-B1,O0022818,P00678,warehouse,2026-02-13,handover,corrected,10.52,0.5786
I00188567,O0049728-B1,O0049728,P00156,retail,2026-02-13,handover,final,5.51,0.303
I00161053,O0042494-B1,O0042494,P00840,warehouse,2026-02-20,handover,final,7.07,0.3889
I00021224,O0005611-B1,O0005611,P00557,cross_border,2026-02-27,handover,final,15.51,0.853
I00213860,O0056363-B1,O0056363,P00614,warehouse,2026-02-13,handover,final,3.11,0.171
I00083455,O0022001-B1,O0022001,P00635,warehouse,2026-02-03,handover,final,1.75,0.0962
I00153009,O0040382-B1,O0040382,P00495,warehouse,2026-02-18,handover,final,5.32,0.2926
I00218586,O0057631-B1,O0057631,P00263,cross_border,2026-02-23,handover,final,0.99,0.0544
I00107411,O0028222-B1,O0028222,P00298,warehouse,2026-02-12,handover,final,1.76,0.0968
I00179484,O0047389-B1,O0047389,P00818,warehouse,2026-02-26,handover,final,0.99,0.0544
I00074438,O0019637-B1,O0019637,P00229,merchant_shipped,2026-02-13,handover,final,1.1,0.0605
I00016421,O0004321-B1,O0004321,P00849,warehouse,2026-02-05,handover,final,1.66,0.0913
I00069900,O0018415-B1,O0018415,P00803,warehouse,2026-02-26,handover,final,0.99,0.0544
I00055045,O0014501-B3,O0014501,P00048,warehouse,2026-02-04,handover,final,0.99,0.0544
I00072747,O0019191-B1,O0019191,P00840,warehouse,2026-02-21,handover,final,1.33,0.0732
I00026068,O0006889-B1,O0006889,P00757,warehouse,2026-02-17,handover,final,0.99,0.0544
I00215641,O0056850-B1,O0056850,P00702,warehouse,2026-02-16,handover,final,2.02,0.1111
I00099761,O0026237-B1,O0026237,P00753,warehouse,2026-02-26,handover,final,0.99,0.0544
I00150494,O0039717-B1,O0039717,P00838,warehouse,2026-02-05,handover,final,7.14,0.3927
I00149460,O0039429-B1,O0039429,P00257,warehouse,2026-02-11,handover,final,1.64,0.0902
I00035147,O0009306-B1,O0009306,P00737,warehouse,2026-02-17,handover,final,29.05,1.5978
I00172477,O0045501-B1,O0045501,P00388,warehouse,2026-02-12,handover,final,2.57,0.1414
I00026387,O0006973-B2,O0006973,P00394,warehouse,2026-02-23,handover,final,2.3,0.1265
I00147004,O0038758-B1,O0038758,P00380,warehouse,2026-02-27,handover,final,23.1,1.2705
I00066634,O0017529-B1,O0017529,P00129,warehouse,2026-02-16,handover,final,0.99,0.0544
I00104238,O0027366-B1,O0027366,P00571,warehouse,2026-02-20,handover,final,6.38,0.3509
I00067955,O0017893-B1,O0017893,P00609,warehouse,2026-02-25,handover,final,34.99,1.9245
I00070920,O0018708-B1,O0018708,P00050,warehouse,2026-02-13,handover,final,6.77,0.3723
I00005030,O0001306-B1,O0001306,P00417,warehouse,2026-02-22,handover,final,28.56,1.5708
I00172320,O0045461-B1,O0045461,P00253,warehouse,2026-02-08,handover,final,124.54,2.5
I00067729,O0017816-B1,O0017816,P00683,warehouse,2026-02-24,handover,final,0.99,0.0544
I00025517,O0006737-B1,O0006737,P00365,warehouse,2026-02-22,handover,final,9.98,0.5489
I00175426,O0046276-B2,O0046276,P00445,warehouse,2026-03-03,handover,final,47.22,2.5
C00002636,O0000694-B1,O0000694,P00461,warehouse,2026-02-19,handover,corrected,0.82,0.0451
I00185759,O0048974-B1,O0048974,P00031,warehouse,2026-02-03,handover,final,4.65,0.2558
R00183347,O0048372-B2,O0048372,P00325,warehouse,2026-02-18,handover_return,final,-0.99,-0.0544
I00070109,O0018479-B1,O0018479,P00305,retail,2026-02-09,handover,final,0.99,0.0544
I00012353,O0003245-B1,O0003245,P00640,warehouse,2026-02-21,handover,final,5.31,0.292
I00134627,O0035476-B1,O0035476,P00413,warehouse,2026-02-18,handover,final,1.28,0.0704
I00220861,O0058238-B1,O0058238,P00324,warehouse,2026-02-11,handover,final,2.86,0.1573
I00205148,O0054100-B1,O0054100,P00820,warehouse,2026-02-08,handover,final,1.18,0.0649
I00206087,O0054344-B2,O0054344,P00199,warehouse,2026-02-20,handover,final,0.99,0.0544
I00168441,O0044401-B2,O0044401,P00650,warehouse,2026-02-13,handover,final,0.99,0.0544
I00214478,O0056526-B1,O0056526,P00702,warehouse,2026-02-09,handover,final,2.32,0.1276
I00162316,O0042832-B1,O0042832,P00764,warehouse,2026-02-09,handover,final,2.66,0.1463
I00003904,O0001012-B1,O0001012,P00412,cross_border,2026-02-07,handover,final,24.55,1.3502
I00213307,O0056205-B1,O0056205,P00111,warehouse,2026-02-19,handover,final,1.33,0.0732
I00156882,O0041397-B1,O0041397,P00075,retail,2026-02-12,handover,final,11.64,0.6402
I00095020,O0025002-B2,O0025002,P00838,warehouse,2026-02-24,handover,final,0.99,0.0544
I00184574,O0048675-B1,O0048675,P00538,warehouse,2026-02-13,handover,final,1.85,0.1018
I00192080,O0050650-B1,O0050650,P00198,warehouse,2026-02-10,handover,final,1.14,0.0627
I00209266,O0055143-B1,O0055143,P00392,warehouse,2026-02-28,handover,final,0.99,0.0544
I00078264,O0020638-B1,O0020638,P00145,warehouse,2026-02-16,handover,final,0.99,0.0544
I00026024,O0006881-B3,O0006881,P00831,warehouse,2026-02-23,handover,final,20.91,1.15
I00116587,O0030671-B1,O0030671,P00092,warehouse,2026-02-02,handover,final,0.99,0.0544
I00192061,O0050645-B1,O0050645,P00659,merchant_shipped,2026-02-16,handover,final,4.18,0.2299
I00137256,O0036165-B1,O0036165,P00336,warehouse,2026-02-28,handover,final,0.99,0.0544
I00093398,O0024572-B1,O0024572,P00665,warehouse,2026-02-09,handover,final,0.99,0.0544
I00131677,O0034671-B1,O0034671,P00044,warehouse,2026-02-13,handover,final,3.96,0.2178
I00011454,O0003000-B1,O0003000,P00114,warehouse,2026-02-03,handover,final,0.99,0.0544
I00131957,O0034748-B1,O0034748,P00715,merchant_shipped,2026-02-08,handover,final,1.01,0.0556
I00125511,O0033039-B1,O0033039,P00295,warehouse,2026-02-27,handover,final,12.93,0.7111
I00013550,O0003549-B1,O0003549,P00232,warehouse,2026-02-28,handover,final,8.1,0.4455
I00198419,O0052331-B1,O0052331,P00509,merchant_shipped,2026-02-20,handover,final,7.8,0.429
I00069118,O0018197-B1,O0018197,P00016,warehouse,2026-02-28,handover,final,0.99,0.0544
I00176210,O0046498-B1,O0046498,P00461,warehouse,2026-02-19,handover,final,0.99,0.0544
I00000692,O0000186-B1,O0000186,P00812,warehouse,2026-02-01,handover,final,2.62,0.1441
I00065660,O0017273-B1,O0017273,P00631,warehouse,2026-02-17,handover,final,1.87,0.1028
I00173398,O0045737-B2,O0045737,P00758,merchant_shipped,2026-02-25,handover,final,22.78,1.2529
C00226429,O0059775-B1,O0059775,P00120,warehouse,2026-02-02,handover,corrected,3.17,0.1744
I00070576,O0018602-B2,O0018602,P00306,warehouse,2026-02-20,handover,final,0.99,0.0544
R00060000,O0015807-B1,O0015807,P00408,warehouse,2026-02-09,handover_return,final,-4.49,-0.247
I00204537,O0053942-B2,O0053942,P00596,warehouse,2026-02-09,handover,final,4.4,0.242
I00114329,O0030067-B1,O0030067,P00530,warehouse,2026-02-26,handover,final,1.71,0.094
C00088646,O0023323-B1,O0023323,P00603,warehouse,2026-02-11,handover,corrected,1.11,0.0611
I00147394,O0038869-B1,O0038869,P00696,cross_border,2026-02-02,handover,final,2.99,0.1645
I00020883,O0005515-B1,O0005515,P00618,warehouse,2026-02-08,handover,final,1.08,0.0594
I00021878,O0005787-B1,O0005787,P00435,cross_border,2026-02-10,handover,final,29.5,1.6225
I00119348,O0031427-B1,O0031427,P00033,retail,2026-02-03,handover,final,1.95,0.1072
I00218606,O0057636-B1,O0057636,P00838,warehouse,2026-02-14,handover,final,7.01,0.3856
I00143260,O0037749-B1,O0037749,P00758,warehouse,2026-02-02,handover,final,0.99,0.0544
I00174431,O0046019-B1,O0046019,P00262,merchant_shipped,2026-02-16,handover,final,14.49,0.797
I00052210,O0013752-B1,O0013752,P00189,warehouse,2026-02-17,handover,final,5.36,0.2948
I00221400,O0058389-B1,O0058389,P00421,retail,2026-02-19,handover,final,1.8,0.099
I00010079,O0002656-B3,O0002656,P00548,warehouse,2026-02-12,handover,final,11.75,0.6462
I00085373,O0022490-B1,O0022490,P00505,cross_border,2026-02-04,handover,final,6.34,0.3487
I00105257,O0027653-B1,O0027653,P00845,warehouse,2026-02-25,handover,final,0.99,0.0544
I00054226,O0014278-B2,O0014278,P00451,warehouse,2026-02-14,handover,final,2.09,0.115
I00205086,O0054086-B2,O0054086,P00703,warehouse,2026-02-04,handover,final,1.49,0.082
I00195919,O0051689-B1,O0051689,P00651,retail,2026-02-14,handover,final,0.99,0.0544
I00044767,O0011819-B1,O0011819,P00033,warehouse,2026-02-03,handover,final,1.95,0.1072
I00166216,O0043814-B1,O0043814,P00506,warehouse,2026-02-23,handover,final,4.67,0.2568
I00070812,O0018672-B1,O0018672,P00825,merchant_shipped,2026-02-01,handover,final,0.99,0.0544
I00208174,O0054879-B1,O0054879,P00509,warehouse,2026-02-18,handover,final,0.99,0.0544
I00088827,O0023369-B1,O0023369,P00641,warehouse,2026-02-08,handover,final,4.08,0.2244
I00002145,O0000562-B1,O0000562,P00136,warehouse,2026-02-19,handover,final,22.91,1.2601
I00006482,O0001688-B1,O0001688,P00579,warehouse,2026-02-13,handover,final,0.99,0.0544
I00092696,O0024383-B1,O0024383,P00509,warehouse,2026-02-07,handover,final,0.99,0.0544
I00179480,O0047388-B1,O0047388,P00614,warehouse,2026-02-05,handover,final,2.17,0.1194
I00206969,O0054570-B1,O0054570,P00028,warehouse,2026-02-28,handover,final,0.99,0.0544
I00061693,O0016248-B1,O0016248,P00471,warehouse,2026-02-08,handover,final,0.99,0.0544
I00016302,O0004292-B1,O0004292,P00825,cross_border,2026-02-15,handover,final,0.99,0.0544
I00138312,O0036449-B1,O0036449,P00318,warehouse,2026-02-19,handover,final,0.99,0.0544
I00081595,O0021533-B1,O0021533,P00667,warehouse,2026-02-22,handover,final,11.83,0.6507
I00196925,O0051941-B1,O0051941,P00377,warehouse,2026-02-14,handover,final,1.26,0.0693
I00224133,O0059146-B1,O0059146,P00766,warehouse,2026-02-28,handover,final,0.99,0.0544
I00223016,O0058845-B1,O0058845,P00621,warehouse,2026-02-23,handover,final,1.22,0.0671
I00014629,O0003852-B2,O0003852,P00434,warehouse,2026-02-15,handover,final,1.85,0.1018
I00202113,O0053297-B1,O0053297,P00034,warehouse,2026-02-15,handover,final,11.18,0.6149
I00173409,O0045740-B1,O0045740,P00716,retail,2026-02-19,handover,final,2.05,0.1128
I00032878,O0008670-B1,O0008670,P00656,warehouse,2026-02-13,handover,final,1.29,0.071
I00220787,O0058215-B1,O0058215,P00197,warehouse,2026-02-22,handover,final,2.73,0.1502
I00043081,O0011360-B1,O0011360,P00152,warehouse,2026-02-16,handover,final,0.99,0.0544
I00088540,O0023303-B1,O0023303,P00305,merchant_shipped,2026-02-04,handover,final,1.64,0.0902
I00014189,O0003732-B1,O0003732,P00627,warehouse,2026-02-07,handover,final,26.82,1.4751
R00171591,O0045253-B1,O0045253,P00576,warehouse,2026-02-11,handover_return,final,-2.15,-0.1182
I00198500,O0052351-B1,O0052351,P00560,warehouse,2026-02-23,handover,final,0.99,0.0544
I00008723,O0002285-B1,O0002285,P00693,warehouse,2026-02-13,handover,final,0.99,0.0544
I00143463,O0037802-B1,O0037802,P00666,warehouse,2026-02-24,handover,final,1.39,0.0764
I00026952,O0007123-B3,O0007123,P00588,warehouse,2026-02-17,handover,final,2.75,0.1512
I00219221,O0057799-B1,O0057799,P00556,warehouse,2026-02-12,handover,final,0.99,0.0544
I00132590,O0034928-B1,O0034928,P00292,warehouse,2026-02-09,handover,final,1.27,0.0698
I00221460,O0058405-B1,O0058405,P00395,warehouse,2026-02-27,handover,final,30.03,1.6516
I00046093,O0012160-B2,O0012160,P00542,warehouse,2026-02-20,handover,final,4.18,0.2299
I00146993,O0038756-B1,O0038756,P00499,warehouse,2026-02-21,handover,final,2.04,0.1122
I00199773,O0052689-B1,O0052689,P00001,warehouse,2026-02-19,handover,final,0.99,0.0544
I00101108,O0026572-B1,O0026572,P00728,warehouse,2026-02-17,handover,final,1.32,0.0726
I00111159,O0029229-B1,O0029229,P00162,warehouse,2026-02-22,handover,final,7.13,0.3922
I00151901,O0040075-B2,O0040075,P00509,warehouse,2026-02-25,handover,final,5.89,0.3239
I00067876,O0017863-B1,O0017863,P00673,warehouse,2026-02-11,handover,final,0.99,0.0544
I00063137,O0016605-B1,O0016605,P00032,warehouse,2026-02-26,handover,final,37.57,2.0664
I00028026,O0007400-B1,O0007400,P00485,warehouse,2026-02-04,handover,final,0.99,0.0544
I00117049,O0030806-B2,O0030806,P00422,warehouse,2026-02-12,handover,final,0.99,0.0544
I00168445,O0044402-B1,O0044402,P00220,warehouse,2026-02-26,handover,final,12.43,0.6836
I00020956,O0005534-B2,O0005534,P00360,warehouse,2026-02-08,handover,final,1.55,0.0853
I00161786,O0042694-B1,O0042694,P00592,warehouse,2026-02-07,handover,final,0.99,0.0544
I00007075,O0001840-B1,O0001840,P00324,cross_border,2026-02-17,handover,final,0.99,0.0544
I00044460,O0011732-B1,O0011732,P00543,warehouse,2026-02-25,handover,final,0.99,0.0544
I00095115,O0025024-B2,O0025024,P00250,warehouse,2026-02-26,handover,final,3.25,0.1788
I00209410,O0055171-B1,O0055171,P00767,warehouse,2026-02-16,handover,final,2.81,0.1546
I00058628,O0015444-B1,O0015444,P00063,merchant_shipped,2026-02-13,handover,final,26.35,1.4493
I00141825,O0037382-B1,O0037382,P00282,warehouse,2026-02-26,handover,final,0.99,0.0544
I00158143,O0041729-B2,O0041729,P00682,warehouse,2026-03-01,handover,final,0.99,0.0544
I00064792,O0017050-B1,O0017050,P00593,warehouse,2026-02-14,handover,final,15.2,0.836
I00068512,O0018039-B1,O0018039,P00676,warehouse,2026-02-14,handover,final,0.99,0.0544
I00068043,O0017919-B1,O0017919,P00106,warehouse,2026-02-23,handover,final,0.99,0.0544
I00061404,O0016174-B1,O0016174,P00634,warehouse,2026-02-09,handover,final,2.58,0.1419
I00191471,O0050497-B2,O0050497,P00186,warehouse,2026-02-09,handover,final,6.88,0.3784
I00208646,O0054990-B1,O0054990,P00466,warehouse,2026-02-04,handover,final,5.06,0.2783
I00149817,O0039531-B1,O0039531,P00558,warehouse,2026-02-03,handover,final,0.99,0.0544
I00015373,O0004035-B2,O0004035,P00519,cross_border,2026-02-22,handover,final,5.91,0.325
I00190914,O0050337-B1,O0050337,P00396,warehouse,2026-02-16,handover,final,1.54,0.0847
I00100509,O0026430-B1,O0026430,P00283,warehouse,2026-02-09,handover,final,4.81,0.2646
I00114591,O0030141-B1,O0030141,P00246,warehouse,2026-02-02,handover,final,1.87,0.1028
I00205134,O0054097-B1,O0054097,P00168,warehouse,2026-02-20,handover,final,0.99,0.0544
I00167511,O0044166-B2,O0044166,P00522,warehouse,2026-02-09,handover,final,0.99,0.0544
I00164486,O0043371-B2,O0043371,P00056,warehouse,2026-02-19,handover,final,0.99,0.0544
I00085478,O0022521-B1,O0022521,P00777,cross_border,2026-02-01,handover,final,1.5,0.0825
I00050786,O0013391-B1,O0013391,P00612,warehouse,2026-02-22,handover,final,3.12,0.1716
I00055381,O0014598-B1,O0014598,P00563,warehouse,2026-02-06,handover,final,1.28,0.0704
I00198101,O0052238-B2,O0052238,P00223,warehouse,2026-03-02,handover,final,2.58,0.1419
I00197355,O0052045-B2,O0052045,P00427,warehouse,2026-02-11,handover,final,0.99,0.0544
I00135410,O0035678-B1,O0035678,P00850,retail,2026-02-01,handover,final,14.46,0.7953
I00189461,O0049955-B1,O0049955,P00465,warehouse,2026-02-08,handover,final,39.91,2.195
I00075993,O0020048-B1,O0020048,P00310,warehouse,2026-02-23,handover,final,0.99,0.0544
I00196033,O0051712-B1,O0051712,P00438,warehouse,2026-02-09,handover,final,0.99,0.0544
I00084920,O0022377-B1,O0022377,P00787,warehouse,2026-02-07,handover,final,21.56,1.1858
I00079599,O0020994-B1,O0020994,P00711,warehouse,2026-02-22,handover,final,0.99,0.0544
I00041867,O0011042-B1,O0011042,P00511,warehouse,2026-02-22,handover,final,11.61,0.6385
I00077231,O0020357-B1,O0020357,P00753,warehouse,2026-02-21,handover,final,2.59,0.1424
I00025225,O0006660-B1,O0006660,P00289,warehouse,2026-02-26,handover,final,4.65,0.2558
R00157713,O0041630-B1,O0041630,P00519,warehouse,2026-02-05,handover_return,final,-2.08,-0.1144
I00089076,O0023440-B1,O0023440,P00849,warehouse,2026-02-14,handover,final,6.65,0.3658
I00175208,O0046213-B2,O0046213,P00328,warehouse,2026-02-04,handover,final,11.02,0.6061
I00161782,O0042692-B1,O0042692,P00080,warehouse,2026-02-12,handover,final,22.82,1.2551
I00207039,O0054591-B1,O0054591,P00525,warehouse,2026-02-13,handover,final,3.12,0.1716
I00017027,O0004486-B1,O0004486,P00728,warehouse,2026-02-09,handover,final,3.15,0.1732
I00087785,O0023111-B1,O0023111,P00293,warehouse,2026-02-03,handover,final,2.84,0.1562
I00038103,O0010082-B1,O0010082,P00534,warehouse,2026-02-06,handover,final,3.95,0.2172
I00140094,O0036929-B1,O0036929,P00771,warehouse,2026-02-24,handover,final,0.99,0.0544
I00027231,O0007197-B1,O0007197,P00694,warehouse,2026-02-06,handover,final,0.99,0.0544
I00039706,O0010487-B1,O0010487,P00409,warehouse,2026-02-12,handover,final,2.92,0.1606
I00215962,O0056936-B2,O0056936,P00333,warehouse,2026-02-16,handover,final,12.31,0.677
I00052359,O0013794-B2,O0013794,P00658,warehouse,2026-02-04,handover,final,3.52,0.1936
R00226626,O0059826-B1,O0059826,P00394,warehouse,2026-02-06,handover_return,final,-1.94,-0.1067
I00076497,O0020179-B1,O0020179,P00514,warehouse,2026-02-02,handover,final,1.83,0.1006
I00083514,O0022015-B2,O0022015,P00268,warehouse,2026-02-07,handover,final,103.35,2.5
I00083579,O0022036-B1,O0022036,P00483,cross_border,2026-02-24,handover,final,4.95,0.2722
I00007339,O0001914-B1,O0001914,P00477,retail,2026-02-18,handover,final,1.33,0.0732
I00120820,O0031798-B1,O0031798,P00240,warehouse,2026-02-13,handover,final,2.11,0.116
I00201719,O0053190-B1,O0053190,P00188,warehouse,2026-02-14,handover,final,1.37,0.0754
I00134024,O0035318-B1,O0035318,P00531,warehouse,2026-02-06,handover,final,7.9,0.4345
I00033227,O0008763-B1,O0008763,P00468,warehouse,2026-02-06,handover,final,0.99,0.0544
I00219683,O0057922-B3,O0057922,P00278,warehouse,2026-02-21,handover,final,7.13,0.3922
I00123592,O0032540-B1,O0032540,P00297,warehouse,2026-02-20,handover,final,14.49,0.797
I00156390,O0041271-B1,O0041271,P00552,warehouse,2026-02-22,handover,final,3.08,0.1694
I00084701,O0022319-B1,O0022319,P00222,warehouse,2026-02-02,handover,final,7.27,0.3998
I00165871,O0043726-B1,O0043726,P00177,warehouse,2026-02-15,handover,final,5.75,0.3162
I00143825,O0037912-B2,O0037912,P00295,warehouse,2026-02-14,handover,final,5.91,0.325
I00154138,O0040676-B1,O0040676,P00823,cross_border,2026-02-20,handover,final,14.54,0.7997
I00214470,O0056524-B1,O0056524,P00587,warehouse,2026-02-17,handover,final,9.6,0.528
R00034875,O0009219-B1,O0009219,P00713,warehouse,2026-02-15,handover_return,final,-3.18,-0.1749
I00087146,O0022949-B1,O0022949,P00839,warehouse,2026-02-02,handover,final,0.99,0.0544
I00052276,O0013771-B1,O0013771,P00656,warehouse,2026-02-15,handover,final,64.77,2.5
I00045071,O0011904-B1,O0011904,P00286,merchant_shipped,2026-02-08,handover,final,28.52,1.5686
I00193078,O0050919-B2,O0050919,P00150,warehouse,2026-02-16,handover,final,17.53,0.9642
I00162062,O0042765-B1,O0042765,P00759,warehouse,2026-02-07,handover,final,7.49,0.412
I00072473,O0019119-B1,O0019119,P00078,retail,2026-02-01,handover,final,8.14,0.4477
I00081788,O0021585-B2,O0021585,P00439,warehouse,2026-03-01,handover,final,6.25,0.3438
I00154662,O0040816-B1,O0040816,P00499,warehouse,2026-02-21,handover,final,0.99,0.0544
I00135256,O0035627-B1,O0035627,P00024,warehouse,2026-02-12,handover,final,0.99,0.0544
I00134454,O0035425-B1,O0035425,P00088,warehouse,2026-02-13,handover,final,44.79,2.4634
I00067484,O0017754-B1,O0017754,P00438,warehouse,2026-02-03,handover,final,3.56,0.1958
I00006375,O0001660-B1,O0001660,P00750,warehouse,2026-02-02,handover,final,2.0,0.11
I00147943,O0039018-B1,O0039018,P00657,warehouse,2026-02-22,handover,final,0.99,0.0544
I00224424,O0059222-B1,O0059222,P00554,warehouse,2026-02-12,handover,final,0.99,0.0544
I00020015,O0005284-B1,O0005284,P00705,merchant_shipped,2026-02-01,handover,final,2.28,0.1254
I00147849,O0038992-B1,O0038992,P00727,warehouse,2026-02-18,handover,final,8.82,0.4851
I00022507,O0005959-B1,O0005959,P00367,warehouse,2026-02-13,handover,final,2.23,0.1226
I00032283,O0008510-B1,O0008510,P00307,warehouse,2026-02-10,handover,final,2.17,0.1194
I00010527,O0002762-B1,O0002762,P00597,cross_border,2026-02-26,handover,final,31.56,1.7358
I00174173,O0045947-B2,O0045947,P00328,warehouse,2026-02-12,handover,final,9.2,0.506
I00087442,O0023030-B1,O0023030,P00174,retail,2026-02-16,handover,final,12.96,0.7128
I00145966,O0038474-B1,O0038474,P00449,warehouse,2026-02-08,handover,final,0.99,0.0544
I00001616,O0000435-B1,O0000435,P00803,warehouse,2026-02-12,handover,final,1.37,0.0754
I00186985,O0049303-B1,O0049303,P00810,warehouse,2026-02-20,handover,final,0.99,0.0544
I00041843,O0011036-B1,O0011036,P00581,warehouse,2026-02-06,handover,final,0.99,0.0544
I00153107,O0040403-B1,O0040403,P00502,warehouse,2026-02-23,handover,final,7.44,0.4092
I00211769,O0055802-B1,O0055802,P00611,warehouse,2026-02-08,handover,final,3.06,0.1683
I00048734,O0012850-B1,O0012850,P00688,warehouse,2026-02-23,handover,final,1.32,0.0726
I00048709,O0012840-B1,O0012840,P00557,warehouse,2026-02-09,handover,final,2.89,0.159
I00026558,O0007018-B2,O0007018,P00701,warehouse,2026-02-12,handover,final,0.99,0.0544
I00076717,O0020229-B1,O0020229,P00341,merchant_shipped,2026-02-13,handover,final,17.85,0.9818
I00144014,O0037958-B1,O0037958,P00723,warehouse,2026-02-01,handover,final,39.73,2.1851
I00116694,O0030700-B1,O0030700,P00340,warehouse,2026-02-01,handover,final,2.43,0.1337
I00224534,O0059255-B1,O0059255,P00432,warehouse,2026-02-05,handover,final,2.53,0.1392
I00008291,O0002171-B1,O0002171,P00087,warehouse,2026-02-08,handover,final,10.4,0.572
I00128603,O0033869-B1,O0033869,P00197,warehouse,2026-02-01,handover,final,0.99,0.0544
I00215200,O0056723-B1,O0056723,P00602,warehouse,2026-02-19,handover,final,0.99,0.0544
I00090968,O0023919-B1,O0023919,P00775,warehouse,2026-02-11,handover,final,0.99,0.0544
I00009995,O0002632-B3,O0002632,P00157,warehouse,2026-02-09,handover,final,0.99,0.0544
I00092960,O0024451-B1,O0024451,P00234,warehouse,2026-02-20,handover,final,3.63,0.1996
I00043221,O0011395-B1,O0011395,P00225,warehouse,2026-02-22,handover,final,3.47,0.1909
I00097581,O0025670-B1,O0025670,P00027,warehouse,2026-02-21,handover,final,8.68,0.4774
I00164831,O0043461-B1,O0043461,P00302,warehouse,2026-02-12,handover,final,0.99,0.0544
I00001137,O0000300-B2,O0000300,P00600,warehouse,2026-02-11,handover,final,2.62,0.1441
I00204711,O0053988-B1,O0053988,P00275,warehouse,2026-02-10,handover,final,2.63,0.1446
I00072191,O0019042-B1,O0019042,P00362,warehouse,2026-02-25,handover,final,4.68,0.2574
I00172443,O0045491-B1,O0045491,P00703,warehouse,2026-02-15,handover,final,2.26,0.1243
I00085220,O0022448-B1,O0022448,P00004,warehouse,2026-02-01,handover,final,1.03,0.0566
I00007355,O0001920-B1,O0001920,P00736,warehouse,2026-02-15,handover,final,7.66,0.4213
I00168496,O0044414-B1,O0044414,P00589,warehouse,2026-02-18,handover,final,0.99,0.0544
I00011951,O0003145-B1,O0003145,P00038,warehouse,2026-02-22,handover,final,9.68,0.5324
I00213609,O0056298-B1,O0056298,P00815,warehouse,2026-02-13,handover,final,2.05,0.1128
I00120593,O0031735-B2,O0031735,P00156,warehouse,2026-03-01,handover,final,0.99,0.0544
I00032852,O0008664-B2,O0008664,P00758,warehouse,2026-02-06,handover,final,1.01,0.0556
I00001974,O0000513-B1,O0000513,P00484,retail,2026-02-16,handover,final,18.47,1.0158
I00071870,O0018955-B1,O0018955,P00776,warehouse,2026-02-05,handover,final,2.17,0.1194
I00174791,O0046106-B1,O0046106,P00623,warehouse,2026-02-23,handover,final,0.99,0.0544
I00050537,O0013322-B1,O0013322,P00640,warehouse,2026-02-04,handover,final,1.48,0.0814
I00090962,O0023918-B1,O0023918,P00328,warehouse,2026-02-07,handover,final,0.99,0.0544
I00221234,O0058344-B1,O0058344,P00814,retail,2026-02-11,handover,final,2.7,0.1485
I00177536,O0046868-B1,O0046868,P00426,warehouse,2026-02-20,handover,final,0.99,0.0544
I00015729,O0004134-B1,O0004134,P00508,warehouse,2026-02-14,handover,final,1.53,0.0842
I00104340,O0027397-B1,O0027397,P00625,warehouse,2026-02-17,handover,final,3.28,0.1804
I00077750,O0020503-B1,O0020503,P00367,warehouse,2026-02-25,handover,final,0.99,0.0544
I00102204,O0026839-B1,O0026839,P00672,warehouse,2026-02-08,handover,final,2.83,0.1556
I00018006,O0004748-B1,O0004748,P00580,warehouse,2026-02-17,handover,final,0.99,0.0544
I00178088,O0047022-B2,O0047022,P00354,warehouse,2026-02-13,handover,final,0.99,0.0544
I00059869,O0015773-B2,O0015773,P00054,warehouse,2026-02-13,handover,final,3.26,0.1793
I00133265,O0035098-B1,O0035098,P00123,warehouse,2026-02-11,handover,final,2.86,0.1573
I00223435,O0058964-B1,O0058964,P00154,warehouse,2026-02-01,handover,final,5.88,0.3234
I00123364,O0032469-B4,O0032469,P00343,warehouse,2026-02-15,handover,final,0.99,0.0544
I00163383,O0043098-B1,O0043098,P00791,warehouse,2026-02-28,handover,final,0.99,0.0544
I00044010,O0011604-B1,O0011604,P00189,warehouse,2026-02-19,handover,final,1.97,0.1084
I00171350,O0045193-B1,O0045193,P00381,warehouse,2026-02-03,handover,final,0.99,0.0544
I00226703,O0059844-B1,O0059844,P00103,warehouse,2026-02-10,handover,final,0.99,0.0544
I00040093,O0010592-B1,O0010592,P00809,warehouse,2026-02-21,handover,final,0.99,0.0544
I00106602,O0028009-B1,O0028009,P00523,warehouse,2026-02-18,handover,final,30.46,1.6753
I00025384,O0006697-B1,O0006697,P00151,warehouse,2026-02-15,handover,final,1.45,0.0798
R00123580,O0032536-B1,O0032536,P00074,warehouse,2026-02-14,handover_return,final,-0.99,-0.0544
R00074093,O0019546-B1,O0019546,P00452,warehouse,2026-03-02,handover_return,final,-1.13,-0.0622
R00149406,O0039414-B1,O0039414,P00493,warehouse,2026-02-15,handover_return,final,-5.52,-0.3036
C00147800,O0038981-B1,O0038981,P00163,warehouse,2026-02-11,handover,corrected,2.25,0.1238
I00183378,O0048380-B1,O0048380,P00148,warehouse,2026-02-05,handover,final,0.99,0.0544
I00025548,O0006749-B1,O0006749,P00414,warehouse,2026-02-11,handover,final,1.87,0.1028
I00050076,O0013221-B3,O0013221,P00130,warehouse,2026-02-05,handover,final,0.99,0.0544
I00162442,O0042863-B1,O0042863,P00049,warehouse,2026-02-14,handover,final,5.39,0.2964
I00049067,O0012949-B1,O0012949,P00135,retail,2026-02-20,handover,final,5.39,0.2964
I00090114,O0023698-B1,O0023698,P00396,warehouse,2026-02-08,handover,final,1.2,0.066
I00067707,O0017812-B1,O0017812,P00381,warehouse,2026-02-07,handover,final,2.35,0.1292
I00156908,O0041401-B5,O0041401,P00562,warehouse,2026-02-06,handover,final,7.87,0.4328
C00224876,O0059351-B1,O0059351,P00040,warehouse,2026-02-24,handover,corrected,2.02,0.1111
I00167726,O0044223-B1,O0044223,P00686,warehouse,2026-02-22,handover,final,1.06,0.0583
I00135590,O0035722-B2,O0035722,P00242,cross_border,2026-02-16,handover,final,46.01,2.5
I00119927,O0031568-B1,O0031568,P00708,warehouse,2026-02-12,handover,final,0.99,0.0544
I00134255,O0035374-B2,O0035374,P00323,warehouse,2026-02-21,handover,final,0.99,0.0544
I00125855,O0033134-B1,O0033134,P00288,warehouse,2026-02-11,handover,final,1.45,0.0798
I00210486,O0055447-B2,O0055447,P00482,warehouse,2026-02-20,handover,final,0.99,0.0544
I00033907,O0008962-B1,O0008962,P00722,warehouse,2026-02-25,handover,final,0.99,0.0544
I00210465,O0055442-B1,O0055442,P00385,warehouse,2026-02-01,handover,final,7.3,0.4015
R00103215,O0027091-B1,O0027091,P00694,warehouse,2026-03-04,handover_return,final,-3.67,-0.2018
I00050150,O0013238-B1,O0013238,P00043,warehouse,2026-02-13,handover,final,0.99,0.0544
I00220472,O0058132-B1,O0058132,P00429,warehouse,2026-02-10,handover,final,26.92,1.4806
I00160146,O0042243-B2,O0042243,P00716,warehouse,2026-02-04,handover,final,0.99,0.0544
I00154596,O0040795-B1,O0040795,P00197,warehouse,2026-02-16,handover,final,62.91,2.5
I00062964,O0016567-B1,O0016567,P00798,warehouse,2026-02-12,handover,final,3.0,0.165
I00080929,O0021345-B2,O0021345,P00652,warehouse,2026-02-26,handover,final,1.57,0.0864
I00049919,O0013184-B3,O0013184,P00159,warehouse,2026-02-11,handover,final,1.45,0.0798
I00037470,O0009914-B1,O0009914,P00715,warehouse,2026-02-09,handover,final,2.34,0.1287
I00181596,O0047928-B1,O0047928,P00706,retail,2026-02-26,handover,final,0.99,0.0544
I00225353,O0059495-B1,O0059495,P00640,warehouse,2026-02-18,handover,final,5.95,0.3272
I00193521,O0051047-B1,O0051047,P00546,warehouse,2026-02-09,handover,final,4.34,0.2387
I00205646,O0054232-B1,O0054232,P00477,retail,2026-02-21,handover,final,0.99,0.0544
I00104493,O0027441-B1,O0027441,P00103,warehouse,2026-02-13,handover,final,0.99,0.0544
I00221649,O0058461-B1,O0058461,P00742,warehouse,2026-02-10,handover,final,3.82,0.2101
I00011686,O0003065-B1,O0003065,P00487,warehouse,2026-02-01,handover,final,1.09,0.06
I00121033,O0031852-B1,O0031852,P00749,warehouse,2026-02-15,handover,final,0.99,0.0544
I00057819,O0015256-B1,O0015256,P00778,warehouse,2026-02-06,handover,final,8.26,0.4543
I00181742,O0047966-B1,O0047966,P00027,retail,2026-02-07,handover,final,13.37,0.7353
I00183463,O0048399-B1,O0048399,P00048,warehouse,2026-02-02,handover,final,24.11,1.326
I00166093,O0043784-B1,O0043784,P00409,warehouse,2026-02-13,handover,final,1.43,0.0786
I00035116,O0009293-B1,O0009293,P00626,warehouse,2026-02-21,handover,final,6.45,0.3548
I00221220,O0058340-B2,O0058340,P00076,warehouse,2026-02-05,handover,final,0.99,0.0544
I00162192,O0042801-B1,O0042801,P00603,warehouse,2026-02-27,handover,final,9.14,0.5027
I00015372,O0004035-B2,O0004035,P00519,cross_border,2026-02-22,handover,final,19.23,1.0576
I00189206,O0049885-B1,O0049885,P00160,warehouse,2026-02-28,handover,final,0.99,0.0544
I00139696,O0036829-B2,O0036829,P00127,warehouse,2026-03-02,handover,final,0.99,0.0544
I00138782,O0036581-B1,O0036581,P00239,warehouse,2026-02-24,handover,final,9.98,0.5489
I00064959,O0017098-B1,O0017098,P00464,warehouse,2026-02-20,handover,final,0.99,0.0544
I00009802,O0002581-B1,O0002581,P00137,warehouse,2026-02-22,handover,final,1.42,0.0781
C00019698,O0005189-B1,O0005189,P00674,warehouse,2026-02-14,handover,corrected,1.07,0.0589
I00216837,O0057157-B1,O0057157,P00332,warehouse,2026-02-24,handover,final,0.99,0.0544
I00177467,O0046842-B2,O0046842,P00646,cross_border,2026-02-04,handover,final,5.71,0.314
I00146621,O0038665-B1,O0038665,P00547,warehouse,2026-02-11,handover,final,2.29,0.126
I00181384,O0047872-B1,O0047872,P00830,warehouse,2026-02-01,handover,final,4.27,0.2348
I00134265,O0035377-B1,O0035377,P00578,warehouse,2026-02-10,handover,final,2.9,0.1595
I00203362,O0053624-B1,O0053624,P00214,warehouse,2026-02-11,handover,final,9.2,0.506
I00157979,O0041693-B1,O0041693,P00045,warehouse,2026-02-02,handover,final,1.12,0.0616
I00194783,O0051374-B2,O0051374,P00323,warehouse,2026-03-03,handover,final,3.34,0.1837
I00128673,O0033891-B1,O0033891,P00717,warehouse,2026-02-17,handover,final,5.99,0.3294
I00100728,O0026478-B1,O0026478,P00036,warehouse,2026-02-03,handover,final,1.36,0.0748
I00220883,O0058246-B1,O0058246,P00170,warehouse,2026-02-19,handover,final,0.99,0.0544
I00001557,O0000415-B1,O0000415,P00119,warehouse,2026-02-14,handover,final,5.08,0.2794
I00210645,O0055496-B1,O0055496,P00692,merchant_shipped,2026-02-02,handover,final,22.76,1.2518
I00014047,O0003688-B1,O0003688,P00545,cross_border,2026-02-12,handover,final,4.1,0.2255
I00206918,O0054557-B1,O0054557,P00618,warehouse,2026-02-14,handover,final,0.99,0.0544
I00146875,O0038729-B1,O0038729,P00846,warehouse,2026-02-14,handover,final,1.7,0.0935
I00156926,O0041406-B1,O0041406,P00032,warehouse,2026-02-01,handover,final,1.06,0.0583
I00204094,O0053820-B1,O0053820,P00447,warehouse,2026-02-16,handover,final,7.35,0.4042
I00172151,O0045411-B1,O0045411,P00332,cross_border,2026-02-06,handover,final,17.76,0.9768
I00177284,O0046794-B1,O0046794,P00151,warehouse,2026-02-01,handover,final,0.99,0.0544
I00202927,O0053504-B1,O0053504,P00275,merchant_shipped,2026-02-23,handover,final,37.38,2.0559
I00007439,O0001939-B1,O0001939,P00459,warehouse,2026-02-25,handover,final,1.47,0.0808
I00208121,O0054864-B2,O0054864,P00294,warehouse,2026-02-22,handover,final,4.76,0.2618
I00144254,O0038007-B2,O0038007,P00104,warehouse,2026-02-12,handover,final,2.0,0.11
I00108292,O0028457-B1,O0028457,P00619,warehouse,2026-02-03,handover,final,0.99,0.0544
I00158953,O0041934-B1,O0041934,P00187,retail,2026-02-07,handover,final,1.51,0.083
I00120590,O0031735-B1,O0031735,P00156,warehouse,2026-02-28,handover,final,0.99,0.0544
I00149668,O0039491-B1,O0039491,P00351,warehouse,2026-02-07,handover,final,5.86,0.3223
I00105256,O0027653-B1,O0027653,P00845,warehouse,2026-02-25,handover,final,2.43,0.1337
I00149818,O0039531-B1,O0039531,P00558,warehouse,2026-02-03,handover,final,7.05,0.3878
I00120449,O0031702-B1,O0031702,P00757,warehouse,2026-02-18,handover,final,2.17,0.1194
I00207104,O0054604-B1,O0054604,P00629,warehouse,2026-02-26,handover,final,0.99,0.0544
I00095150,O0025034-B1,O0025034,P00164,warehouse,2026-02-13,handover,final,0.99,0.0544
I00032462,O0008557-B1,O0008557,P00712,warehouse,2026-02-06,handover,final,0.99,0.0544
I00053709,O0014144-B1,O0014144,P00319,warehouse,2026-02-21,handover,final,6.21,0.3416
I00039754,O0010502-B1,O0010502,P00072,warehouse,2026-02-26,handover,final,1.59,0.0874
R00069687,O0018363-B1,O0018363,P00202,warehouse,2026-02-08,handover_return,final,-3.17,-0.1744
I00006315,O0001648-B1,O0001648,P00181,warehouse,2026-02-19,handover,final,0.99,0.0544
I00076136,O0020081-B1,O0020081,P00079,warehouse,2026-02-05,handover,final,0.99,0.0544
I00173329,O0045720-B1,O0045720,P00546,warehouse,2026-02-28,handover,final,0.99,0.0544
I00062796,O0016531-B1,O0016531,P00695,warehouse,2026-02-16,handover,final,0.99,0.0544
I00057352,O0015126-B1,O0015126,P00690,warehouse,2026-02-16,handover,final,0.99,0.0544
I00067096,O0017648-B1,O0017648,P00109,warehouse,2026-02-15,handover,final,6.37,0.3504
I00087771,O0023106-B2,O0023106,P00664,warehouse,2026-03-02,handover,final,6.82,0.3751
I00130205,O0034298-B1,O0034298,P00712,warehouse,2026-02-06,handover,final,3.95,0.2172
I00122525,O0032228-B1,O0032228,P00212,warehouse,2026-02-03,handover,final,0.99,0.0544
I00189410,O0049940-B1,O0049940,P00629,cross_border,2026-02-13,handover,final,19.26,1.0593
I00219167,O0057785-B1,O0057785,P00402,warehouse,2026-02-09,handover,final,0.99,0.0544
I00093566,O0024618-B3,O0024618,P00293,warehouse,2026-02-02,handover,final,1.1,0.0605
I00172332,O0045464-B1,O0045464,P00247,warehouse,2026-02-22,handover,final,1.54,0.0847
I00006351,O0001657-B2,O0001657,P00642,warehouse,2026-02-19,handover,final,0.99,0.0544
I00109922,O0028889-B1,O0028889,P00662,warehouse,2026-02-01,handover,final,1.14,0.0627
I00062044,O0016336-B1,O0016336,P00199,warehouse,2026-02-25,handover,final,3.04,0.1672
I00217700,O0057377-B1,O0057377,P00218,warehouse,2026-02-14,handover,final,0.99,0.0544
I00118939,O0031311-B1,O0031311,P00745,warehouse,2026-02-02,handover,final,5.22,0.2871
I00007877,O0002054-B1,O0002054,P00747,warehouse,2026-02-01,handover,final,3.31,0.1821
I00148471,O0039169-B1,O0039169,P00024,warehouse,2026-02-11,handover,final,2.02,0.1111
I00011017,O0002882-B1,O0002882,P00282,warehouse,2026-02-03,handover,final,1.88,0.1034
I00045394,O0011985-B1,O0011985,P00727,warehouse,2026-02-19,handover,final,0.99,0.0544
I00077855,O0020525-B1,O0020525,P00312,warehouse,2026-02-18,handover,final,2.62,0.1441
I00135850,O0035796-B1,O0035796,P00722,warehouse,2026-02-15,handover,final,2.81,0.1546
I00062022,O0016331-B1,O0016331,P00480,warehouse,2026-02-24,handover,final,0.99,0.0544
I00008518,O0002235-B1,O0002235,P00114,cross_border,2026-02-04,handover,final,2.68,0.1474
I00180645,O0047685-B2,O0047685,P00167,warehouse,2026-03-01,handover,final,3.63,0.1996
I00089428,O0023535-B1,O0023535,P00659,warehouse,2026-02-27,handover,final,0.99,0.0544
I00146063,O0038503-B1,O0038503,P00324,warehouse,2026-02-28,handover,final,3.8,0.209
I00054779,O0014431-B1,O0014431,P00136,warehouse,2026-02-17,handover,final,0.99,0.0544
I00156971,O0041416-B1,O0041416,P00059,warehouse,2026-02-12,handover,final,4.42,0.2431
I00020347,O0005372-B1,O0005372,P00598,warehouse,2026-02-05,handover,final,0.99,0.0544
I00205928,O0054306-B1,O0054306,P00031,merchant_shipped,2026-02-26,handover,final,37.89,2.084
I00101661,O0026700-B1,O0026700,P00278,warehouse,2026-02-27,handover,final,2.7,0.1485
I00131208,O0034545-B2,O0034545,P00295,warehouse,2026-02-10,handover,final,0.99,0.0544
I00096468,O0025387-B2,O0025387,P00147,warehouse,2026-02-14,handover,final,3.52,0.1936
I00141523,O0037306-B1,O0037306,P00178,warehouse,2026-02-08,handover,final,0.99,0.0544
I00052794,O0013909-B1,O0013909,P00395,warehouse,2026-02-17,handover,final,0.99,0.0544
I00091740,O0024122-B2,O0024122,P00339,warehouse,2026-02-23,handover,final,15.42,0.8481
I00044886,O0011853-B1,O0011853,P00660,warehouse,2026-02-02,handover,final,33.65,1.8508
I00188178,O0049634-B1,O0049634,P00618,warehouse,2026-02-25,handover,final,11.05,0.6078
I00112255,O0029505-B1,O0029505,P00651,warehouse,2026-02-07,handover,final,2.63,0.1446
I00178790,O0047211-B1,O0047211,P00459,warehouse,2026-02-10,handover,final,0.99,0.0544
C00198227,O0052281-B1,O0052281,P00572,warehouse,2026-02-16,handover,corrected,2.81,0.1546
I00131516,O0034627-B1,O0034627,P00501,warehouse,2026-02-25,handover,final,2.21,0.1216
I00127732,O0033638-B1,O0033638,P00120,warehouse,2026-02-10,handover,final,0.99,0.0544
I00070496,O0018578-B1,O0018578,P00480,warehouse,2026-02-25,handover,final,4.61,0.2536
I00138516,O0036509-B1,O0036509,P00491,warehouse,2026-02-09,handover,final,18.6,1.023
I00160922,O0042463-B1,O0042463,P00030,retail,2026-02-18,handover,final,13.6,0.748
I00094690,O0024910-B1,O0024910,P00313,warehouse,2026-02-25,handover,final,0.99,0.0544
I00174876,O0046131-B1,O0046131,P00783,warehouse,2026-02-27,handover,final,0.99,0.0544
I00099891,O0026264-B1,O0026264,P00191,warehouse,2026-02-19,handover,final,0.99,0.0544
I00200528,O0052888-B1,O0052888,P00353,warehouse,2026-02-12,handover,final,9.58,0.5269
I00028694,O0007570-B2,O0007570,P00441,retail,2026-02-22,handover,final,1.09,0.06
I00165709,O0043680-B1,O0043680,P00463,warehouse,2026-02-09,handover,final,0.99,0.0544
I00222634,O0058748-B2,O0058748,P00399,warehouse,2026-02-20,handover,final,1.92,0.1056
I00120052,O0031594-B1,O0031594,P00258,warehouse,2026-02-16,handover,final,0.99,0.0544
I00085760,O0022579-B1,O0022579,P00563,warehouse,2026-02-25,handover,final,8.79,0.4834
I00139437,O0036768-B2,O0036768,P00508,warehouse,2026-02-23,handover,final,0.99,0.0544
I00075677,O0019958-B2,O0019958,P00217,merchant_shipped,2026-02-27,handover,final,119.72,2.5
I00056452,O0014880-B1,O0014880,P00334,warehouse,2026-02-01,handover,final,1.26,0.0693
I00102344,O0026880-B1,O0026880,P00765,warehouse,2026-02-01,handover,final,2.89,0.159
I00090611,O0023831-B1,O0023831,P00125,retail,2026-02-22,handover,final,0.99,0.0544
I00220028,O0058015-B1,O0058015,P00148,warehouse,2026-02-24,handover,final,4.54,0.2497
I00063574,O0016716-B1,O0016716,P00680,warehouse,2026-02-19,handover,final,0.99,0.0544
I00176478,O0046568-B1,O0046568,P00506,retail,2026-02-22,handover,final,5.88,0.3234
I00072394,O0019099-B1,O0019099,P00331,warehouse,2026-02-15,handover,final,5.47,0.3008
I00205858,O0054290-B2,O0054290,P00612,warehouse,2026-02-13,handover,final,0.99,0.0544
I00220547,O0058154-B1,O0058154,P00052,warehouse,2026-02-24,handover,final,4.78,0.2629
I00183155,O0048326-B1,O0048326,P00039,warehouse,2026-02-06,handover,final,0.99,0.0544
I00097931,O0025762-B1,O0025762,P00763,warehouse,2026-02-20,handover,final,7.42,0.4081
I00108753,O0028574-B1,O0028574,P00040,warehouse,2026-02-07,handover,final,2.52,0.1386
I00207969,O0054832-B1,O0054832,P00409,warehouse,2026-02-24,handover,final,2.32,0.1276
I00146738,O0038693-B1,O0038693,P00800,warehouse,2026-02-16,handover,final,0.99,0.0544
I00157202,O0041483-B1,O0041483,P00473,retail,2026-02-04,handover,final,32.82,1.8051
I00221023,O0058284-B1,O0058284,P00754,warehouse,2026-02-03,handover,final,9.11,0.501
I00040199,O0010618-B1,O0010618,P00116,warehouse,2026-02-07,handover,final,0.99,0.0544
I00139839,O0036861-B2,O0036861,P00378,warehouse,2026-02-16,handover,final,5.46,0.3003
I00002786,O0000730-B1,O0000730,P00399,warehouse,2026-02-04,handover,final,4.31,0.237
I00109682,O0028823-B1,O0028823,P00335,warehouse,2026-02-08,handover,final,0.99,0.0544
I00184667,O0048700-B1,O0048700,P00031,warehouse,2026-02-05,handover,final,8.05,0.4428
I00199039,O0052495-B1,O0052495,P00024,warehouse,2026-02-24,handover,final,2.01,0.1106
I00161858,O0042709-B1,O0042709,P00798,warehouse,2026-02-19,handover,final,0.99,0.0544
I00156642,O0041328-B1,O0041328,P00230,warehouse,2026-02-23,handover,final,14.29,0.7859
I00066424,O0017469-B1,O0017469,P00492,warehouse,2026-02-02,handover,final,7.05,0.3878
I00007347,O0001917-B1,O0001917,P00761,warehouse,2026-02-04,handover,final,1.43,0.0786
I00135602,O0035725-B1,O0035725,P00320,warehouse,2026-02-11,handover,final,0.99,0.0544
I00089964,O0023663-B1,O0023663,P00040,warehouse,2026-02-18,handover,final,1.01,0.0556
I00134372,O0035409-B1,O0035409,P00262,warehouse,2026-02-22,handover,final,0.99,0.0544
I00048837,O0012882-B1,O0012882,P00175,warehouse,2026-02-03,handover,final,60.14,2.5
I00000759,O0000207-B1,O0000207,P00106,warehouse,2026-02-04,handover,final,1.38,0.0759
I00103352,O0027131-B1,O0027131,P00434,warehouse,2026-02-15,handover,final,0.99,0.0544
I00138334,O0036458-B1,O0036458,P00108,warehouse,2026-02-18,handover,final,3.62,0.1991
I00126457,O0033272-B2,O0033272,P00476,warehouse,2026-02-12,handover,final,1.29,0.071
I00121925,O0032075-B1,O0032075,P00335,merchant_shipped,2026-02-05,handover,final,10.56,0.5808
I00028614,O0007553-B2,O0007553,P00714,warehouse,2026-02-10,handover,final,2.46,0.1353
I00181001,O0047770-B1,O0047770,P00614,warehouse,2026-02-28,handover,final,1.28,0.0704
I00056646,O0014934-B1,O0014934,P00514,warehouse,2026-02-13,handover,final,14.23,0.7827
I00222499,O0058710-B1,O0058710,P00626,merchant_shipped,2026-02-28,handover,final,20.33,1.1182
I00020897,O0005518-B1,O0005518,P00480,warehouse,2026-02-27,handover,final,4.47,0.2458
I00175182,O0046209-B1,O0046209,P00296,warehouse,2026-02-03,handover,final,5.17,0.2844
I00223400,O0058954-B2,O0058954,P00016,warehouse,2026-02-05,handover,final,0.99,0.0544
I00075180,O0019825-B1,O0019825,P00714,cross_border,2026-02-12,handover,final,11.69,0.643
I00202729,O0053449-B1,O0053449,P00367,warehouse,2026-02-12,handover,final,1.12,0.0616
I00141597,O0037326-B1,O0037326,P00700,warehouse,2026-02-14,handover,final,1.09,0.06
I00170910,O0045068-B1,O0045068,P00605,warehouse,2026-02-21,handover,final,4.49,0.247
I00131877,O0034723-B1,O0034723,P00044,warehouse,2026-02-02,handover,final,0.99,0.0544
I00096813,O0025474-B1,O0025474,P00685,warehouse,2026-02-24,handover,final,0.99,0.0544
I00221297,O0058363-B1,O0058363,P00281,warehouse,2026-02-17,handover,final,18.69,1.028
I00223704,O0059030-B1,O0059030,P00032,warehouse,2026-02-27,handover,final,0.99,0.0544
C00094831,O0024947-B1,O0024947,P00289,warehouse,2026-02-12,handover,corrected,2.85,0.1568
I00068211,O0017965-B2,O0017965,P00612,warehouse,2026-02-26,handover,final,1.32,0.0726
I00079106,O0020874-B2,O0020874,P00506,warehouse,2026-02-04,handover,final,3.74,0.2057
I00174968,O0046154-B1,O0046154,P00751,warehouse,2026-02-11,handover,final,1.67,0.0918
I00108300,O0028459-B2,O0028459,P00433,retail,2026-02-09,handover,final,16.1,0.8855
I00136956,O0036082-B1,O0036082,P00245,warehouse,2026-02-17,handover,final,2.04,0.1122
I00100547,O0026438-B2,O0026438,P00191,warehouse,2026-02-23,handover,final,9.83,0.5406
I00225683,O0059580-B1,O0059580,P00242,warehouse,2026-02-26,handover,final,2.09,0.115
I00025932,O0006861-B1,O0006861,P00784,warehouse,2026-02-19,handover,final,1.22,0.0671
I00142308,O0037507-B1,O0037507,P00178,retail,2026-02-08,handover,final,2.79,0.1534
I00070561,O0018599-B1,O0018599,P00590,warehouse,2026-02-22,handover,final,2.33,0.1282
I00053211,O0014013-B1,O0014013,P00772,retail,2026-02-12,handover,final,0.99,0.0544
I00054038,O0014232-B1,O0014232,P00850,warehouse,2026-02-04,handover,final,3.41,0.1876
I00218909,O0057714-B2,O0057714,P00812,warehouse,2026-02-08,handover,final,0.99,0.0544
I00217902,O0057425-B1,O0057425,P00423,warehouse,2026-02-15,handover,final,7.52,0.4136
I00155838,O0041118-B1,O0041118,P00031,warehouse,2026-02-22,handover,final,1.95,0.1072
I00224016,O0059113-B1,O0059113,P00671,warehouse,2026-02-21,handover,final,1.23,0.0676
I00085915,O0022628-B1,O0022628,P00223,warehouse,2026-02-18,handover,final,1.23,0.0676
I00225010,O0059387-B1,O0059387,P00514,retail,2026-02-01,handover,final,2.56,0.1408
I00138791,O0036586-B1,O0036586,P00753,warehouse,2026-02-13,handover,final,2.48,0.1364
I00047845,O0012619-B1,O0012619,P00398,warehouse,2026-02-18,handover,final,1.28,0.0704
C00019922,O0005259-B1,O0005259,P00535,retail,2026-02-09,handover,corrected,1.15,0.0632
I00057977,O0015287-B1,O0015287,P00324,merchant_shipped,2026-02-22,handover,final,40.04,2.2022
I00168759,O0044484-B1,O0044484,P00043,warehouse,2026-02-12,handover,final,1.87,0.1028
I00060315,O0015883-B1,O0015883,P00257,warehouse,2026-02-22,handover,final,0.99,0.0544
I00021605,O0005718-B1,O0005718,P00403,warehouse,2026-02-28,handover,final,1.02,0.0561
I00168925,O0044532-B1,O0044532,P00121,warehouse,2026-02-14,handover,final,2.51,0.138
I00179332,O0047355-B2,O0047355,P00350,warehouse,2026-02-13,handover,final,0.99,0.0544
I00078101,O0020585-B1,O0020585,P00718,warehouse,2026-02-27,handover,final,1.28,0.0704
I00075585,O0019933-B1,O0019933,P00388,warehouse,2026-02-24,handover,final,15.16,0.8338
I00109718,O0028835-B1,O0028835,P00646,warehouse,2026-02-24,handover,final,0.99,0.0544
I00220279,O0058085-B1,O0058085,P00168,warehouse,2026-02-17,handover,final,8.64,0.4752
I00003446,O0000898-B1,O0000898,P00144,warehouse,2026-02-24,handover,final,0.99,0.0544
I00198514,O0052355-B2,O0052355,P00376,warehouse,2026-02-11,handover,final,5.08,0.2794
I00074481,O0019646-B2,O0019646,P00217,warehouse,2026-02-14,handover,final,34.27,1.8848
I00144025,O0037961-B1,O0037961,P00620,warehouse,2026-02-11,handover,final,1.23,0.0676
I00206931,O0054558-B2,O0054558,P00009,warehouse,2026-02-02,handover,final,0.99,0.0544
I00085437,O0022508-B2,O0022508,P00810,cross_border,2026-02-15,handover,final,1.79,0.0984
I00204217,O0053855-B1,O0053855,P00400,retail,2026-02-17,handover,final,18.43,1.0136
I00086107,O0022680-B1,O0022680,P00641,retail,2026-02-09,handover,final,0.99,0.0544
I00078988,O0020838-B1,O0020838,P00379,warehouse,2026-02-04,handover,final,6.53,0.3592
I00009341,O0002449-B1,O0002449,P00027,warehouse,2026-02-27,handover,final,1.46,0.0803
I00198950,O0052470-B1,O0052470,P00216,warehouse,2026-02-17,handover,final,0.99,0.0544
R00128503,O0033844-B1,O0033844,P00639,warehouse,2026-02-18,handover_return,final,-1.98,-0.1089
I00155194,O0040946-B1,O0040946,P00064,warehouse,2026-02-17,handover,final,0.99,0.0544
I00058484,O0015410-B1,O0015410,P00849,warehouse,2026-02-14,handover,final,1.16,0.0638
I00003382,O0000876-B2,O0000876,P00185,warehouse,2026-02-13,handover,final,1.47,0.0808
I00076128,O0020078-B2,O0020078,P00252,warehouse,2026-02-24,handover,final,8.81,0.4846
I00211556,O0055743-B2,O0055743,P00178,warehouse,2026-02-10,handover,final,1.08,0.0594
I00029649,O0007829-B1,O0007829,P00686,warehouse,2026-02-20,handover,final,0.99,0.0544
C00088495,O0023288-B1,O0023288,P00216,warehouse,2026-02-09,handover,corrected,11.99,0.6594
I00055648,O0014673-B1,O0014673,P00041,warehouse,2026-02-06,handover,final,0.99,0.0544
I00070497,O0018579-B1,O0018579,P00802,warehouse,2026-02-28,handover,final,0.99,0.0544
I00008249,O0002157-B1,O0002157,P00182,warehouse,2026-02-12,handover,final,1.79,0.0984
I00156787,O0041373-B1,O0041373,P00792,warehouse,2026-02-17,handover,final,11.13,0.6122
C00187668,O0049500-B1,O0049500,P00305,warehouse,2026-02-06,handover,corrected,1.01,0.0556
I00095932,O0025253-B1,O0025253,P00206,warehouse,2026-02-02,handover,final,0.99,0.0544
I00134795,O0035517-B1,O0035517,P00192,warehouse,2026-02-13,handover,final,46.42,2.5
I00067728,O0017816-B1,O0017816,P00683,warehouse,2026-02-24,handover,final,2.03,0.1116
I00068141,O0017942-B1,O0017942,P00698,warehouse,2026-02-17,handover,final,0.99,0.0544
I00129102,O0034009-B1,O0034009,P00310,warehouse,2026-02-15,handover,final,16.67,0.9168
I00022398,O0005932-B1,O0005932,P00698,warehouse,2026-02-12,handover,final,0.99,0.0544
I00093088,O0024494-B1,O0024494,P00431,warehouse,2026-02-05,handover,final,2.31,0.127
I00101291,O0026613-B3,O0026613,P00177,warehouse,2026-02-09,handover,final,0.99,0.0544
I00119214,O0031387-B1,O0031387,P00116,cross_border,2026-02-17,handover,final,16.02,0.8811
I00016687,O0004393-B1,O0004393,P00678,merchant_shipped,2026-02-04,handover,final,16.48,0.9064
I00150783,O0039789-B2,O0039789,P00207,warehouse,2026-02-23,handover,final,3.83,0.2106
I00129090,O0034006-B1,O0034006,P00230,merchant_shipped,2026-02-02,handover,final,4.73,0.2602
I00194288,O0051236-B1,O0051236,P00485,warehouse,2026-02-21,handover,final,3.06,0.1683
I00124956,O0032911-B1,O0032911,P00051,warehouse,2026-02-13,handover,final,3.09,0.17
I00097672,O0025696-B1,O0025696,P00577,warehouse,2026-02-24,handover,final,0.99,0.0544
I00011004,O0002879-B1,O0002879,P00602,warehouse,2026-02-11,handover,final,1.9,0.1045
I00031180,O0008228-B1,O0008228,P00535,warehouse,2026-02-20,handover,final,2.4,0.132
I00203748,O0053725-B2,O0053725,P00498,warehouse,2026-02-04,handover,final,0.99,0.0544
R00163765,O0043181-B2,O0043181,P00197,warehouse,2026-02-16,handover_return,final,-3.55,-0.1952
I00121564,O0031979-B1,O0031979,P00120,cross_border,2026-02-02,handover,final,35.47,1.9508
I00013785,O0003614-B2,O0003614,P00549,warehouse,2026-03-01,handover,final,0.99,0.0544
I00089666,O0023596-B1,O0023596,P00846,merchant_shipped,2026-02-06,handover,final,2.01,0.1106
I00050092,O0013223-B1,O0013223,P00168,retail,2026-02-16,handover,final,4.87,0.2679
I00076737,O0020235-B1,O0020235,P00587,warehouse,2026-02-17,handover,final,6.28,0.3454
I00179650,O0047432-B1,O0047432,P00418,warehouse,2026-02-25,handover,final,0.99,0.0544
I00043172,O0011382-B1,O0011382,P00557,cross_border,2026-02-12,handover,final,681.34,2.5
I00002383,O0000626-B1,O0000626,P00274,warehouse,2026-02-18,handover,final,2.06,0.1133
I00075376,O0019880-B1,O0019880,P00620,warehouse,2026-02-22,handover,final,5.13,0.2822
R00135711,O0035759-B1,O0035759,P00010,warehouse,2026-02-24,handover_return,final,-1.2,-0.066
I00143438,O0037796-B2,O0037796,P00624,warehouse,2026-02-28,handover,final,2.29,0.126
I00164258,O0043306-B2,O0043306,P00067,warehouse,2026-02-05,handover,final,3.89,0.214
R00222112,O0058595-B1,O0058595,P00121,retail,2026-02-21,handover_return,final,-2.61,-0.1435
I00100478,O0026423-B2,O0026423,P00196,warehouse,2026-02-25,handover,final,1.78,0.0979
I00069209,O0018226-B1,O0018226,P00649,warehouse,2026-02-25,handover,final,0.99,0.0544
I00122023,O0032103-B1,O0032103,P00311,warehouse,2026-02-27,handover,final,0.99,0.0544
I00100873,O0026518-B1,O0026518,P00582,cross_border,2026-02-09,handover,final,12.42,0.6831
I00213808,O0056346-B1,O0056346,P00726,warehouse,2026-02-13,handover,final,3.67,0.2018
I00209403,O0055169-B2,O0055169,P00039,cross_border,2026-02-15,handover,final,39.97,2.1984
I00124132,O0032683-B1,O0032683,P00506,warehouse,2026-02-02,handover,final,2.27,0.1248
I00214864,O0056626-B1,O0056626,P00816,warehouse,2026-02-21,handover,final,1.54,0.0847
C00133130,O0035064-B1,O0035064,P00444,warehouse,2026-02-08,handover,corrected,1.14,0.0627
I00039472,O0010431-B1,O0010431,P00156,warehouse,2026-02-25,handover,final,27.15,1.4932
R00191992,O0050628-B1,O0050628,P00310,warehouse,2026-02-08,handover_return,final,-1.54,-0.0847
I00089998,O0023672-B1,O0023672,P00037,warehouse,2026-02-20,handover,final,3.7,0.2035
I00181610,O0047931-B2,O0047931,P00758,warehouse,2026-02-09,handover,final,1.79,0.0984
I00209216,O0055129-B1,O0055129,P00463,warehouse,2026-02-13,handover,final,23.87,1.3128
I00027109,O0007163-B1,O0007163,P00104,warehouse,2026-02-20,handover,final,0.99,0.0544
I00009601,O0002521-B1,O0002521,P00790,warehouse,2026-02-06,handover,final,0.99,0.0544
I00143379,O0037779-B1,O0037779,P00021,warehouse,2026-02-01,handover,final,9.43,0.5186
I00146619,O0038665-B1,O0038665,P00547,warehouse,2026-02-11,handover,final,1.78,0.0979
I00109549,O0028785-B1,O0028785,P00228,warehouse,2026-02-16,handover,final,14.83,0.8156
I00107803,O0028332-B1,O0028332,P00319,warehouse,2026-02-02,handover,final,1.67,0.0918
I00073686,O0019437-B3,O0019437,P00735,warehouse,2026-02-13,handover,final,4.98,0.2739
C00183144,O0048325-B1,O0048325,P00818,warehouse,2026-02-17,handover,corrected,0.82,0.0451
I00001436,O0000382-B2,O0000382,P00044,warehouse,2026-02-14,handover,final,2.79,0.1534
I00193765,O0051116-B1,O0051116,P00217,warehouse,2026-02-20,handover,final,0.99,0.0544
I00165948,O0043743-B1,O0043743,P00389,warehouse,2026-02-26,handover,final,5.48,0.3014
I00158407,O0041794-B1,O0041794,P00151,warehouse,2026-02-05,handover,final,1.29,0.071
I00053649,O0014129-B3,O0014129,P00791,warehouse,2026-02-16,handover,final,4.23,0.2327
I00184384,O0048632-B2,O0048632,P00181,warehouse,2026-02-26,handover,final,7.92,0.4356
C00075471,O0019906-B1,O0019906,P00420,warehouse,2026-02-01,handover,corrected,1.01,0.0556
I00149820,O0039531-B1,O0039531,P00558,warehouse,2026-02-03,handover,final,1.01,0.0556
I00014572,O0003834-B3,O0003834,P00783,warehouse,2026-02-11,handover,final,1.73,0.0952
I00054142,O0014259-B2,O0014259,P00512,warehouse,2026-02-05,handover,final,4.2,0.231
I00183573,O0048421-B1,O0048421,P00684,warehouse,2026-02-02,handover,final,0.99,0.0544
I00213467,O0056255-B1,O0056255,P00531,retail,2026-02-22,handover,final,0.99,0.0544
I00051999,O0013696-B1,O0013696,P00210,warehouse,2026-02-28,handover,final,1.27,0.0698
I00162155,O0042787-B1,O0042787,P00436,warehouse,2026-02-20,handover,final,8.97,0.4934
I00008637,O0002269-B1,O0002269,P00445,warehouse,2026-02-05,handover,final,0.99,0.0544
I00109676,O0028820-B1,O0028820,P00188,warehouse,2026-02-14,handover,final,1.8,0.099
I00110932,O0029170-B1,O0029170,P00456,warehouse,2026-02-13,handover,final,1.26,0.0693
I00131248,O0034554-B1,O0034554,P00224,warehouse,2026-02-17,handover,final,9.58,0.5269
I00021683,O0005735-B2,O0005735,P00470,warehouse,2026-02-07,handover,final,7.44,0.4092
I00020562,O0005428-B1,O0005428,P00428,warehouse,2026-02-10,handover,final,0.99,0.0544
I00145760,O0038421-B1,O0038421,P00199,warehouse,2026-02-11,handover,final,1.13,0.0622
I00152100,O0040127-B1,O0040127,P00153,warehouse,2026-02-28,handover,final,0.99,0.0544
I00047596,O0012555-B1,O0012555,P00312,warehouse,2026-02-14,handover,final,60.26,2.5
I00212152,O0055904-B1,O0055904,P00840,warehouse,2026-02-23,handover,final,11.54,0.6347
I00053401,O0014060-B1,O0014060,P00229,warehouse,2026-02-22,handover,final,0.99,0.0544
I00042153,O0011119-B1,O0011119,P00774,cross_border,2026-02-01,handover,final,13.13,0.7222
I00128854,O0033942-B1,O0033942,P00420,warehouse,2026-02-22,handover,final,0.99,0.0544
I00116770,O0030724-B1,O0030724,P00473,warehouse,2026-02-04,handover,final,0.99,0.0544
I00141025,O0037183-B1,O0037183,P00811,warehouse,2026-02-17,handover,final,10.99,0.6044
I00027752,O0007324-B1,O0007324,P00837,warehouse,2026-02-15,handover,final,11.88,0.6534
I00123266,O0032441-B2,O0032441,P00323,warehouse,2026-02-20,handover,final,4.92,0.2706
I00053450,O0014071-B1,O0014071,P00551,warehouse,2026-02-13,handover,final,1.2,0.066
I00131901,O0034729-B1,O0034729,P00452,cross_border,2026-02-03,handover,final,10.16,0.5588
I00153861,O0040597-B1,O0040597,P00649,warehouse,2026-02-06,handover,final,5.22,0.2871
I00209569,O0055209-B1,O0055209,P00312,warehouse,2026-02-16,handover,final,0.99,0.0544
I00026178,O0006915-B1,O0006915,P00420,warehouse,2026-02-14,handover,final,4.18,0.2299
I00187832,O0049550-B1,O0049550,P00740,cross_border,2026-02-17,handover,final,23.06,1.2683
I00151103,O0039878-B1,O0039878,P00027,warehouse,2026-02-28,handover,final,5.34,0.2937
I00025038,O0006611-B2,O0006611,P00523,warehouse,2026-03-01,handover,final,4.69,0.258
I00002955,O0000774-B1,O0000774,P00329,warehouse,2026-02-10,handover,final,1.22,0.0671
I00126651,O0033322-B1,O0033322,P00378,warehouse,2026-02-14,handover,final,0.99,0.0544
I00137647,O0036272-B1,O0036272,P00296,warehouse,2026-02-07,handover,final,3.68,0.2024
I00055970,O0014763-B1,O0014763,P00483,cross_border,2026-02-09,handover,final,43.05,2.3678
I00084626,O0022299-B2,O0022299,P00120,warehouse,2026-02-16,handover,final,0.99,0.0544
I00030162,O0007968-B2,O0007968,P00264,retail,2026-02-07,handover,final,1.12,0.0616
I00137492,O0036232-B3,O0036232,P00816,warehouse,2026-02-03,handover,final,2.92,0.1606
I00202600,O0053416-B1,O0053416,P00801,warehouse,2026-02-17,handover,final,1.3,0.0715
I00073009,O0019261-B1,O0019261,P00637,warehouse,2026-02-11,handover,final,0.99,0.0544
I00059846,O0015770-B1,O0015770,P00322,warehouse,2026-02-17,handover,final,5.83,0.3206
I00062915,O0016557-B3,O0016557,P00210,warehouse,2026-02-17,handover,final,2.88,0.1584
I00167614,O0044198-B2,O0044198,P00262,warehouse,2026-02-19,handover,final,5.86,0.3223
I00176281,O0046516-B1,O0046516,P00354,warehouse,2026-02-27,handover,final,0.99,0.0544
I00204921,O0054043-B1,O0054043,P00462,warehouse,2026-02-21,handover,final,1.6,0.088
I00137394,O0036203-B2,O0036203,P00466,warehouse,2026-02-23,handover,final,1.65,0.0908
I00169673,O0044739-B1,O0044739,P00834,warehouse,2026-02-22,handover,final,3.76,0.2068
I00074397,O0019627-B2,O0019627,P00247,warehouse,2026-02-28,handover,final,0.99,0.0544
I00072555,O0019140-B1,O0019140,P00144,warehouse,2026-02-02,handover,final,15.76,0.8668
I00217369,O0057301-B1,O0057301,P00072,cross_border,2026-02-05,handover,final,0.99,0.0544
I00144039,O0037964-B1,O0037964,P00204,warehouse,2026-02-22,handover,final,0.99,0.0544
I00102189,O0026837-B1,O0026837,P00776,warehouse,2026-02-18,handover,final,2.2,0.121
I00184806,O0048735-B1,O0048735,P00067,warehouse,2026-02-28,handover,final,0.99,0.0544
R00218265,O0057529-B1,O0057529,P00527,warehouse,2026-02-24,handover_return,final,-1.72,-0.0946
I00029310,O0007739-B1,O0007739,P00522,warehouse,2026-02-08,handover,final,3.77,0.2074
I00059861,O0015772-B1,O0015772,P00060,warehouse,2026-02-24,handover,final,1.45,0.0798
I00000743,O0000202-B1,O0000202,P00156,cross_border,2026-02-28,handover,final,0.99,0.0544
I00014093,O0003702-B1,O0003702,P00180,warehouse,2026-02-10,handover,final,2.0,0.11
I00082632,O0021785-B1,O0021785,P00485,warehouse,2026-02-20,handover,final,0.99,0.0544
I00099790,O0026241-B1,O0026241,P00400,warehouse,2026-02-10,handover,final,9.8,0.539
I00195043,O0051437-B1,O0051437,P00299,merchant_shipped,2026-02-07,handover,final,238.56,2.5
I00223694,O0059028-B1,O0059028,P00112,warehouse,2026-02-23,handover,final,0.99,0.0544
I00052451,O0013818-B1,O0013818,P00124,warehouse,2026-02-25,handover,final,1.04,0.0572
I00176326,O0046525-B2,O0046525,P00730,warehouse,2026-03-01,handover,final,6.57,0.3614
I00181539,O0047913-B1,O0047913,P00609,warehouse,2026-02-02,handover,final,1.92,0.1056
I00047035,O0012393-B1,O0012393,P00018,warehouse,2026-02-17,handover,final,1.3,0.0715
I00027345,O0007226-B1,O0007226,P00141,warehouse,2026-02-22,handover,final,3.06,0.1683
I00183047,O0048300-B1,O0048300,P00062,cross_border,2026-02-16,handover,final,2.84,0.1562
I00041287,O0010902-B1,O0010902,P00634,warehouse,2026-02-14,handover,final,5.42,0.2981
I00108139,O0028418-B1,O0028418,P00506,warehouse,2026-02-03,handover,final,3.71,0.204
I00020615,O0005443-B1,O0005443,P00796,warehouse,2026-02-07,handover,final,1.56,0.0858
I00028573,O0007541-B1,O0007541,P00261,warehouse,2026-02-25,handover,final,1.11,0.0611
I00157143,O0041468-B1,O0041468,P00426,retail,2026-02-22,handover,final,7.16,0.3938
I00086386,O0022752-B1,O0022752,P00301,warehouse,2026-02-19,handover,final,6.75,0.3713
I00038326,O0010143-B2,O0010143,P00833,warehouse,2026-02-09,handover,final,1.8,0.099
I00218119,O0057489-B1,O0057489,P00443,warehouse,2026-02-12,handover,final,2.5,0.1375
I00040161,O0010608-B2,O0010608,P00691,warehouse,2026-02-22,handover,final,0.99,0.0544
I00225423,O0059514-B1,O0059514,P00505,warehouse,2026-02-02,handover,final,0.99,0.0544
I00013499,O0003539-B1,O0003539,P00355,warehouse,2026-02-21,handover,final,1.13,0.0622
I00061871,O0016288-B1,O0016288,P00296,warehouse,2026-02-01,handover,final,1.74,0.0957
I00066846,O0017586-B1,O0017586,P00146,warehouse,2026-02-13,handover,final,0.99,0.0544
I00008671,O0002276-B1,O0002276,P00342,warehouse,2026-02-02,handover,final,1.11,0.0611
I00106074,O0027868-B1,O0027868,P00439,warehouse,2026-02-04,handover,final,1.03,0.0566
I00055449,O0014618-B1,O0014618,P00334,warehouse,2026-02-07,handover,final,7.03,0.3866
I00058895,O0015518-B1,O0015518,P00723,warehouse,2026-02-15,handover,final,9.65,0.5308
I00149116,O0039332-B1,O0039332,P00078,warehouse,2026-02-01,handover,final,2.49,0.137
C00107671,O0028291-B1,O0028291,P00099,warehouse,2026-02-01,handover,corrected,1.08,0.0594
I00183115,O0048316-B2,O0048316,P00499,warehouse,2026-02-18,handover,final,1.57,0.0864
I00008721,O0002285-B1,O0002285,P00693,warehouse,2026-02-13,handover,final,0.99,0.0544
I00016032,O0004219-B1,O0004219,P00097,warehouse,2026-02-01,handover,final,4.3,0.2365
I00139738,O0036837-B1,O0036837,P00578,warehouse,2026-02-12,handover,final,3.32,0.1826
I00066067,O0017375-B1,O0017375,P00593,warehouse,2026-02-07,handover,final,0.99,0.0544
I00214566,O0056547-B1,O0056547,P00010,warehouse,2026-02-10,handover,final,0.99,0.0544
I00145313,O0038300-B1,O0038300,P00071,warehouse,2026-02-26,handover,final,14.01,0.7706
I00194703,O0051353-B1,O0051353,P00465,warehouse,2026-02-17,handover,final,2.78,0.1529
I00204793,O0054009-B1,O0054009,P00662,warehouse,2026-02-16,handover,final,0.99,0.0544
I00193281,O0050973-B1,O0050973,P00623,warehouse,2026-02-22,handover,final,0.99,0.0544
I00046517,O0012262-B1,O0012262,P00155,warehouse,2026-02-06,handover,final,1.78,0.0979
I00004146,O0001071-B3,O0001071,P00432,warehouse,2026-02-13,handover,final,1.48,0.0814
I00089848,O0023640-B1,O0023640,P00161,warehouse,2026-02-02,handover,final,2.83,0.1556
I00217198,O0057255-B2,O0057255,P00530,cross_border,2026-02-23,handover,final,12.15,0.6682
I00157552,O0041584-B1,O0041584,P00355,warehouse,2026-02-07,handover,final,4.27,0.2348
I00088077,O0023179-B1,O0023179,P00375,warehouse,2026-02-19,handover,final,8.27,0.4548
I00064512,O0016970-B2,O0016970,P00505,warehouse,2026-03-01,handover,final,2.06,0.1133
I00058634,O0015446-B1,O0015446,P00106,cross_border,2026-02-13,handover,final,5.53,0.3042
I00152858,O0040340-B1,O0040340,P00754,warehouse,2026-02-27,handover,final,6.19,0.3405
R00154346,O0040725-B1,O0040725,P00089,cross_border,2026-02-20,handover_return,final,-26.8,-1.474
I00150601,O0039745-B1,O0039745,P00817,warehouse,2026-02-22,handover,final,3.33,0.1832
I00079830,O0021054-B1,O0021054,P00565,warehouse,2026-02-20,handover,final,0.99,0.0544
I00039111,O0010334-B1,O0010334,P00802,warehouse,2026-02-27,handover,final,0.99,0.0544
I00178747,O0047198-B1,O0047198,P00332,warehouse,2026-02-28,handover,final,1.49,0.082
I00204297,O0053874-B1,O0053874,P00275,retail,2026-02-06,handover,final,0.99,0.0544
I00160220,O0042263-B2,O0042263,P00183,warehouse,2026-02-10,handover,final,2.59,0.1424
I00042317,O0011160-B1,O0011160,P00134,warehouse,2026-02-25,handover,final,0.99,0.0544
I00045292,O0011958-B1,O0011958,P00316,merchant_shipped,2026-02-10,handover,final,3.78,0.2079
I00226698,O0059843-B3,O0059843,P00434,warehouse,2026-02-21,handover,final,0.99,0.0544
I00134737,O0035506-B1,O0035506,P00334,warehouse,2026-02-01,handover,final,9.36,0.5148
C00210521,O0055458-B1,O0055458,P00493,warehouse,2026-02-16,handover,corrected,0.94,0.0517
I00092956,O0024449-B1,O0024449,P00558,warehouse,2026-02-20,handover,final,0.99,0.0544
I00195600,O0051598-B1,O0051598,P00578,warehouse,2026-02-25,handover,final,0.99,0.0544
I00147616,O0038928-B1,O0038928,P00744,warehouse,2026-02-10,handover,final,6.63,0.3646
R00052927,O0013944-B1,O0013944,P00179,warehouse,2026-02-24,handover_return,final,-6.6,-0.363
I00043765,O0011537-B1,O0011537,P00464,warehouse,2026-02-08,handover,final,3.35,0.1842
I00120101,O0031608-B1,O0031608,P00603,warehouse,2026-02-11,handover,final,0.99,0.0544
I00209146,O0055110-B2,O0055110,P00587,warehouse,2026-02-17,handover,final,0.99,0.0544
I00138494,O0036504-B2,O0036504,P00745,warehouse,2026-02-26,handover,final,4.65,0.2558
I00122016,O0032101-B1,O0032101,P00801,warehouse,2026-02-16,handover,final,0.99,0.0544
I00192792,O0050847-B1,O0050847,P00075,warehouse,2026-02-22,handover,final,0.99,0.0544
I00226974,O0059911-B1,O0059911,P00230,warehouse,2026-02-23,handover,final,2.14,0.1177
I00125351,O0032993-B1,O0032993,P00508,warehouse,2026-02-24,handover,final,19.49,1.072
I00223455,O0058968-B1,O0058968,P00258,warehouse,2026-02-28,handover,final,0.99,0.0544
I00204213,O0053854-B1,O0053854,P00564,warehouse,2026-02-03,handover,final,1.75,0.0962
I00161891,O0042721-B1,O0042721,P00558,warehouse,2026-02-17,handover,final,3.28,0.1804
I00111979,O0029444-B1,O0029444,P00163,warehouse,2026-02-22,handover,final,16.32,0.8976
I00022776,O0006035-B1,O0006035,P00097,warehouse,2026-02-24,handover,final,0.99,0.0544
I00133584,O0035186-B1,O0035186,P00478,warehouse,2026-02-01,handover,final,23.38,1.2859
I00018079,O0004765-B1,O0004765,P00020,warehouse,2026-02-14,handover,final,1.62,0.0891
I00033003,O0008699-B1,O0008699,P00518,warehouse,2026-02-10,handover,final,2.06,0.1133
I00130916,O0034470-B2,O0034470,P00596,warehouse,2026-02-20,handover,final,8.86,0.4873
I00136447,O0035944-B1,O0035944,P00432,merchant_shipped,2026-02-18,handover,final,5.81,0.3196
R00089973,O0023667-B1,O0023667,P00281,cross_border,2026-02-17,handover_return,final,-8.92,-0.4906
I00078721,O0020766-B1,O0020766,P00630,warehouse,2026-02-06,handover,final,44.08,2.4244
I00175582,O0046329-B1,O0046329,P00036,cross_border,2026-02-18,handover,final,1.98,0.1089
I00055628,O0014670-B1,O0014670,P00455,warehouse,2026-02-21,handover,final,3.96,0.2178
I00196403,O0051803-B1,O0051803,P00097,warehouse,2026-02-16,handover,final,2.01,0.1106
I00061716,O0016251-B1,O0016251,P00144,warehouse,2026-02-05,handover,final,0.99,0.0544
I00202999,O0053519-B1,O0053519,P00265,warehouse,2026-02-17,handover,final,0.99,0.0544
I00034466,O0009114-B1,O0009114,P00097,warehouse,2026-02-07,handover,final,3.03,0.1666
I00205304,O0054142-B1,O0054142,P00230,warehouse,2026-02-22,handover,final,0.99,0.0544
I00184503,O0048658-B3,O0048658,P00187,warehouse,2026-02-25,handover,final,1.17,0.0643
I00072404,O0019102-B1,O0019102,P00157,warehouse,2026-02-23,handover,final,4.02,0.2211
I00216994,O0057196-B3,O0057196,P00061,warehouse,2026-02-17,handover,final,4.18,0.2299
I00129336,O0034083-B1,O0034083,P00728,warehouse,2026-02-03,handover,final,1.45,0.0798
I00092230,O0024255-B1,O0024255,P00261,warehouse,2026-02-18,handover,final,26.15,1.4382
I00067446,O0017744-B1,O0017744,P00444,warehouse,2026-02-14,handover,final,3.46,0.1903
I00093840,O0024694-B1,O0024694,P00328,warehouse,2026-02-05,handover,final,13.83,0.7607
I00023230,O0006145-B1,O0006145,P00205,warehouse,2026-02-08,handover,final,8.86,0.4873
I00075498,O0019909-B1,O0019909,P00612,warehouse,2026-02-19,handover,final,15.26,0.8393
I00225352,O0059495-B1,O0059495,P00640,warehouse,2026-02-18,handover,final,37.55,2.0652
I00137542,O0036246-B1,O0036246,P00203,warehouse,2026-02-18,handover,final,4.93,0.2712
I00086927,O0022898-B1,O0022898,P00209,warehouse,2026-02-05,handover,final,3.18,0.1749
I00178116,O0047029-B1,O0047029,P00663,warehouse,2026-02-13,handover,final,1.34,0.0737
I00076545,O0020189-B1,O0020189,P00331,warehouse,2026-02-19,handover,final,4.15,0.2282
I00163591,O0043147-B1,O0043147,P00815,warehouse,2026-02-17,handover,final,5.56,0.3058
I00155294,O0040972-B1,O0040972,P00806,warehouse,2026-02-13,handover,final,0.99,0.0544
I00089614,O0023583-B2,O0023583,P00357,warehouse,2026-02-15,handover,final,1.24,0.0682
I00020349,O0005372-B1,O0005372,P00598,warehouse,2026-02-05,handover,final,2.62,0.1441
I00133634,O0035200-B1,O0035200,P00714,warehouse,2026-02-18,handover,final,1.68,0.0924
I00041574,O0010979-B1,O0010979,P00170,warehouse,2026-02-04,handover,final,0.99,0.0544
I00062528,O0016457-B1,O0016457,P00743,warehouse,2026-02-17,handover,final,4.33,0.2382
I00016286,O0004287-B1,O0004287,P00656,warehouse,2026-02-15,handover,final,11.7,0.6435
I00043679,O0011512-B1,O0011512,P00253,warehouse,2026-02-25,handover,final,0.99,0.0544
I00120775,O0031783-B1,O0031783,P00481,warehouse,2026-02-04,handover,final,4.33,0.2382
I00027567,O0007271-B1,O0007271,P00800,warehouse,2026-02-23,handover,final,0.99,0.0544
I00196423,O0051807-B1,O0051807,P00614,warehouse,2026-02-18,handover,final,3.35,0.1842
I00032135,O0008474-B1,O0008474,P00478,warehouse,2026-02-26,handover,final,2.78,0.1529
I00114053,O0030002-B1,O0030002,P00570,warehouse,2026-02-17,handover,final,7.38,0.4059
I00134843,O0035526-B2,O0035526,P00106,cross_border,2026-02-26,handover,final,10.32,0.5676
I00092619,O0024361-B1,O0024361,P00810,retail,2026-02-11,handover,final,1.6,0.088
I00097716,O0025707-B1,O0025707,P00795,warehouse,2026-02-21,handover,final,1.81,0.0996
I00159398,O0042048-B1,O0042048,P00826,warehouse,2026-02-25,handover,final,1.19,0.0654
I00053497,O0014083-B2,O0014083,P00467,warehouse,2026-02-21,handover,final,1.5,0.0825
I00199356,O0052578-B1,O0052578,P00594,warehouse,2026-02-01,handover,final,0.99,0.0544
I00134542,O0035449-B1,O0035449,P00097,warehouse,2026-02-17,handover,final,0.99,0.0544
I00194158,O0051209-B2,O0051209,P00456,warehouse,2026-03-02,handover,final,4.88,0.2684
I00137769,O0036300-B1,O0036300,P00584,warehouse,2026-02-23,handover,final,4.75,0.2612
I00021893,O0005791-B2,O0005791,P00724,warehouse,2026-02-21,handover,final,12.74,0.7007
I00033803,O0008930-B2,O0008930,P00217,warehouse,2026-02-14,handover,final,2.49,0.137
I00201089,O0053033-B1,O0053033,P00809,warehouse,2026-02-09,handover,final,3.36,0.1848
I00004488,O0001156-B1,O0001156,P00083,warehouse,2026-02-04,handover,final,10.23,0.5626
I00217125,O0057238-B1,O0057238,P00035,warehouse,2026-02-23,handover,final,2.5,0.1375
I00157370,O0041533-B1,O0041533,P00260,warehouse,2026-02-21,handover,final,3.85,0.2118
I00175821,O0046391-B1,O0046391,P00411,warehouse,2026-02-05,handover,final,4.79,0.2634
I00225170,O0059434-B1,O0059434,P00524,warehouse,2026-02-07,handover,final,5.37,0.2954
I00212070,O0055883-B1,O0055883,P00275,warehouse,2026-02-15,handover,final,3.97,0.2184
I00066041,O0017367-B1,O0017367,P00027,merchant_shipped,2026-02-01,handover,final,50.65,2.5
I00199154,O0052525-B1,O0052525,P00462,retail,2026-02-12,handover,final,4.01,0.2206
I00003521,O0000916-B2,O0000916,P00710,warehouse,2026-02-16,handover,final,3.92,0.2156
I00205068,O0054082-B1,O0054082,P00633,warehouse,2026-02-02,handover,final,6.09,0.3349
I00197767,O0052151-B1,O0052151,P00738,warehouse,2026-02-07,handover,final,3.48,0.1914
I00179046,O0047270-B1,O0047270,P00019,warehouse,2026-02-24,handover,final,43.58,2.3969
I00107331,O0028202-B2,O0028202,P00312,warehouse,2026-02-13,handover,final,2.53,0.1392
I00143414,O0037789-B2,O0037789,P00484,warehouse,2026-02-11,handover,final,0.99,0.0544
I00035049,O0009273-B1,O0009273,P00373,warehouse,2026-02-22,handover,final,2.09,0.115
I00064423,O0016941-B2,O0016941,P00621,warehouse,2026-02-04,handover,final,3.17,0.1744
I00035712,O0009450-B1,O0009450,P00033,warehouse,2026-02-03,handover,final,0.99,0.0544
I00140140,O0036941-B1,O0036941,P00709,warehouse,2026-02-25,handover,final,7.38,0.4059
I00163420,O0043110-B2,O0043110,P00180,warehouse,2026-03-01,handover,final,2.4,0.132
I00009511,O0002494-B1,O0002494,P00109,warehouse,2026-02-09,handover,final,0.99,0.0544
I00153557,O0040509-B2,O0040509,P00613,warehouse,2026-02-08,handover,final,1.97,0.1084
I00087731,O0023098-B2,O0023098,P00219,warehouse,2026-03-03,handover,final,10.97,0.6034
I00125870,O0033140-B1,O0033140,P00489,warehouse,2026-02-26,handover,final,6.27,0.3448
I00126180,O0033206-B1,O0033206,P00764,warehouse,2026-02-27,handover,final,3.28,0.1804
I00131031,O0034500-B1,O0034500,P00315,warehouse,2026-02-17,handover,final,2.66,0.1463
I00103855,O0027267-B1,O0027267,P00474,warehouse,2026-02-22,handover,final,1.95,0.1072
I00004649,O0001201-B1,O0001201,P00672,retail,2026-02-05,handover,final,0.99,0.0544
I00042196,O0011131-B1,O0011131,P00408,retail,2026-02-22,handover,final,2.22,0.1221
R00038859,O0010267-B1,O0010267,P00068,warehouse,2026-02-04,handover_return,final,-3.18,-0.1749
I00084792,O0022342-B1,O0022342,P00513,warehouse,2026-02-23,handover,final,1.72,0.0946
I00006286,O0001640-B2,O0001640,P00260,warehouse,2026-02-27,handover,final,6.4,0.352
I00187680,O0049503-B1,O0049503,P00687,warehouse,2026-02-24,handover,final,0.99,0.0544
C00146654,O0038674-B1,O0038674,P00458,merchant_shipped,2026-02-28,handover,corrected,7.44,0.4092
I00001214,O0000321-B1,O0000321,P00704,retail,2026-02-24,handover,final,1.12,0.0616
I00111652,O0029357-B1,O0029357,P00120,cross_border,2026-02-15,handover,final,1.37,0.0754
I00043553,O0011478-B1,O0011478,P00202,cross_border,2026-02-05,handover,final,11.55,0.6353
I00042832,O0011296-B1,O0011296,P00321,retail,2026-02-11,handover,final,0.99,0.0544
I00150929,O0039830-B1,O0039830,P00361,warehouse,2026-02-03,handover,final,0.99,0.0544
I00064638,O0017004-B1,O0017004,P00838,warehouse,2026-02-15,handover,final,0.99,0.0544
I00082855,O0021846-B2,O0021846,P00050,warehouse,2026-02-07,handover,final,0.99,0.0544
I00174529,O0046041-B1,O0046041,P00688,warehouse,2026-02-08,handover,final,0.99,0.0544
I00115206,O0030308-B1,O0030308,P00774,warehouse,2026-02-04,handover,final,2.28,0.1254
I00073926,O0019504-B1,O0019504,P00131,cross_border,2026-02-02,handover,final,8.78,0.4829
I00183439,O0048394-B1,O0048394,P00145,warehouse,2026-02-05,handover,final,3.46,0.1903
I00000110,O0000024-B1,O0000024,P00600,retail,2026-02-07,handover,final,35.65,1.9608
I00186351,O0049130-B1,O0049130,P00615,warehouse,2026-02-09,handover,final,0.99,0.0544
I00194143,O0051208-B1,O0051208,P00708,warehouse,2026-02-20,handover,final,3.64,0.2002
C00224340,O0059201-B1,O0059201,P00011,warehouse,2026-02-19,handover,corrected,0.89,0.049
I00003209,O0000833-B1,O0000833,P00553,merchant_shipped,2026-02-17,handover,final,37.68,2.0724
I00100453,O0026416-B1,O0026416,P00720,warehouse,2026-02-23,handover,final,2.93,0.1612
I00061692,O0016248-B1,O0016248,P00471,warehouse,2026-02-08,handover,final,2.9,0.1595
I00164396,O0043347-B1,O0043347,P00528,warehouse,2026-02-09,handover,final,2.55,0.1402
I00122537,O0032230-B2,O0032230,P00121,warehouse,2026-02-08,handover,final,4.03,0.2216
I00135279,O0035633-B1,O0035633,P00079,warehouse,2026-02-09,handover,final,4.26,0.2343
I00165452,O0043612-B1,O0043612,P00108,warehouse,2026-02-27,handover,final,7.49,0.412
I00128347,O0033805-B1,O0033805,P00160,warehouse,2026-02-02,handover,final,4.9,0.2695
I00024174,O0006392-B1,O0006392,P00449,warehouse,2026-02-10,handover,final,1.13,0.0622
I00223799,O0059054-B1,O0059054,P00597,warehouse,2026-02-19,handover,final,11.84,0.6512
I00220948,O0058261-B1,O0058261,P00269,warehouse,2026-02-02,handover,final,2.59,0.1424
I00003532,O0000922-B1,O0000922,P00048,warehouse,2026-02-22,handover,final,2.75,0.1512
I00178867,O0047228-B1,O0047228,P00029,warehouse,2026-02-19,handover,final,6.41,0.3526
I00006644,O0001727-B1,O0001727,P00670,warehouse,2026-02-20,handover,final,4.03,0.2216
I00102254,O0026854-B1,O0026854,P00741,warehouse,2026-02-04,handover,final,0.99,0.0544
I00202571,O0053409-B1,O0053409,P00389,warehouse,2026-02-18,handover,final,2.26,0.1243
I00193370,O0050998-B1,O0050998,P00364,warehouse,2026-02-14,handover,final,1.18,0.0649
I00054010,O0014226-B1,O0014226,P00421,merchant_shipped,2026-02-14,handover,final,33.44,1.8392
I00090206,O0023725-B1,O0023725,P00392,warehouse,2026-02-08,handover,final,2.73,0.1502
I00018346,O0004833-B1,O0004833,P00263,warehouse,2026-02-11,handover,final,1.65,0.0908
I00220034,O0058016-B1,O0058016,P00044,retail,2026-02-02,handover,final,3.77,0.2074
R00159644,O0042108-B1,O0042108,P00502,warehouse,2026-02-28,handover_return,final,-0.99,-0.0544
I00055388,O0014601-B1,O0014601,P00385,warehouse,2026-02-03,handover,final,8.51,0.468
I00060582,O0015952-B1,O0015952,P00552,warehouse,2026-02-21,handover,final,1.23,0.0676
I00054467,O0014344-B1,O0014344,P00052,warehouse,2026-02-20,handover,final,0.99,0.0544
I00150620,O0039750-B1,O0039750,P00509,warehouse,2026-02-22,handover,final,11.9,0.6545
I00065614,O0017259-B1,O0017259,P00157,warehouse,2026-02-16,handover,final,0.99,0.0544
I00048282,O0012732-B1,O0012732,P00399,warehouse,2026-02-09,handover,final,2.48,0.1364
I00055811,O0014713-B1,O0014713,P00669,warehouse,2026-02-17,handover,final,0.99,0.0544
I00195513,O0051570-B2,O0051570,P00766,retail,2026-02-21,handover,final,1.26,0.0693
I00142060,O0037439-B1,O0037439,P00274,warehouse,2026-02-08,handover,final,0.99,0.0544
I00088753,O0023351-B1,O0023351,P00734,warehouse,2026-02-28,handover,final,32.07,1.7638
I00211512,O0055734-B2,O0055734,P00007,warehouse,2026-02-11,handover,final,2.47,0.1358
I00003913,O0001014-B1,O0001014,P00258,warehouse,2026-02-01,handover,final,0.99,0.0544
I00160308,O0042287-B2,O0042287,P00520,warehouse,2026-02-24,handover,final,2.24,0.1232
I00011769,O0003090-B1,O0003090,P00734,warehouse,2026-02-18,handover,final,1.88,0.1034
I00096313,O0025344-B1,O0025344,P00369,warehouse,2026-02-06,handover,final,6.79,0.3734
I00131578,O0034645-B1,O0034645,P00333,warehouse,2026-02-21,handover,final,1.33,0.0732
I00104645,O0027486-B1,O0027486,P00286,warehouse,2026-02-03,handover,final,1.0,0.055
R00027035,O0007142-B1,O0007142,P00322,warehouse,2026-02-01,handover_return,final,-0.99,-0.0544
I00145553,O0038367-B2,O0038367,P00332,warehouse,2026-02-11,handover,final,4.06,0.2233
I00016125,O0004247-B1,O0004247,P00390,warehouse,2026-02-22,handover,final,0.99,0.0544
I00012182,O0003205-B2,O0003205,P00430,warehouse,2026-02-06,handover,final,1.59,0.0874
I00201678,O0053181-B1,O0053181,P00656,warehouse,2026-02-05,handover,final,13.23,0.7276
I00100847,O0026511-B2,O0026511,P00483,warehouse,2026-02-17,handover,final,0.99,0.0544
I00108476,O0028505-B1,O0028505,P00166,warehouse,2026-02-24,handover,final,1.27,0.0698
I00072019,O0018994-B1,O0018994,P00099,merchant_shipped,2026-02-22,handover,final,7.93,0.4362
I00036823,O0009739-B2,O0009739,P00373,warehouse,2026-02-14,handover,final,0.99,0.0544
I00164590,O0043408-B1,O0043408,P00457,warehouse,2026-02-10,handover,final,4.48,0.2464
I00072269,O0019063-B1,O0019063,P00416,warehouse,2026-02-16,handover,final,0.99,0.0544
I00095030,O0025004-B1,O0025004,P00330,warehouse,2026-02-12,handover,final,0.99,0.0544
I00167003,O0044028-B1,O0044028,P00043,warehouse,2026-02-19,handover,final,0.99,0.0544
I00088737,O0023347-B1,O0023347,P00367,warehouse,2026-02-27,handover,final,1.13,0.0622
I00101949,O0026777-B1,O0026777,P00031,warehouse,2026-02-11,handover,final,1.85,0.1018
I00221559,O0058437-B1,O0058437,P00666,retail,2026-02-05,handover,final,10.58,0.5819
I00128201,O0033765-B1,O0033765,P00302,warehouse,2026-02-01,handover,final,5.95,0.3272
I00222343,O0058666-B1,O0058666,P00314,cross_border,2026-02-17,handover,final,4.43,0.2436
I00112474,O0029560-B3,O0029560,P00275,warehouse,2026-02-04,handover,final,14.33,0.7882
I00164688,O0043427-B1,O0043427,P00451,warehouse,2026-02-05,handover,final,3.86,0.2123
I00159709,O0042128-B1,O0042128,P00418,warehouse,2026-02-11,handover,final,2.0,0.11
I00089480,O0023548-B1,O0023548,P00633,warehouse,2026-02-23,handover,final,7.24,0.3982
I00160184,O0042253-B1,O0042253,P00725,merchant_shipped,2026-02-24,handover,final,31.25,1.7188
I00159941,O0042188-B1,O0042188,P00447,warehouse,2026-02-22,handover,final,0.99,0.0544
I00154940,O0040879-B1,O0040879,P00131,warehouse,2026-02-11,handover,final,4.12,0.2266
I00111151,O0029227-B1,O0029227,P00801,warehouse,2026-02-22,handover,final,0.99,0.0544
I00171870,O0045334-B1,O0045334,P00213,cross_border,2026-02-24,handover,final,10.88,0.5984
I00030691,O0008103-B1,O0008103,P00378,warehouse,2026-02-28,handover,final,0.99,0.0544
I00158870,O0041914-B1,O0041914,P00486,warehouse,2026-02-11,handover,final,2.82,0.1551
I00116319,O0030597-B1,O0030597,P00523,merchant_shipped,2026-02-21,handover,final,161.51,2.5
I00112988,O0029709-B1,O0029709,P00692,warehouse,2026-02-18,handover,final,0.99,0.0544
I00158681,O0041865-B1,O0041865,P00806,warehouse,2026-02-21,handover,final,4.86,0.2673
I00216046,O0056954-B1,O0056954,P00773,retail,2026-02-25,handover,final,21.85,1.2018
I00167071,O0044050-B1,O0044050,P00234,warehouse,2026-02-17,handover,final,6.89,0.379
I00119019,O0031329-B1,O0031329,P00697,warehouse,2026-02-23,handover,final,0.99,0.0544
I00081000,O0021363-B1,O0021363,P00385,warehouse,2026-02-03,handover,final,20.65,1.1358
I00043768,O0011538-B1,O0011538,P00529,warehouse,2026-02-15,handover,final,2.26,0.1243
I00020992,O0005542-B3,O0005542,P00404,warehouse,2026-02-06,handover,final,1.22,0.0671
I00096976,O0025514-B1,O0025514,P00456,warehouse,2026-02-09,handover,final,13.82,0.7601
I00213991,O0056400-B1,O0056400,P00661,warehouse,2026-02-24,handover,final,0.99,0.0544
I00126284,O0033226-B1,O0033226,P00841,warehouse,2026-02-27,handover,final,5.9,0.3245
I00222170,O0058612-B1,O0058612,P00837,warehouse,2026-02-21,handover,final,7.03,0.3866
I00133996,O0035309-B1,O0035309,P00667,warehouse,2026-02-15,handover,final,37.29,2.051
I00036059,O0009544-B1,O0009544,P00201,cross_border,2026-02-13,handover,final,2.88,0.1584
R00093284,O0024546-B1,O0024546,P00327,warehouse,2026-02-23,handover_return,final,-0.99,-0.0544
I00087403,O0023020-B1,O0023020,P00368,warehouse,2026-02-28,handover,final,0.99,0.0544
I00194269,O0051231-B2,O0051231,P00834,cross_border,2026-02-03,handover,final,9.12,0.5016
I00023098,O0006116-B1,O0006116,P00004,warehouse,2026-02-10,handover,final,0.99,0.0544
I00148608,O0039205-B1,O0039205,P00667,warehouse,2026-02-21,handover,final,0.99,0.0544
I00205364,O0054154-B1,O0054154,P00524,warehouse,2026-02-13,handover,final,9.12,0.5016
I00087233,O0022978-B1,O0022978,P00431,warehouse,2026-02-16,handover,final,2.81,0.1546
I00022120,O0005849-B1,O0005849,P00765,warehouse,2026-02-15,handover,final,4.4,0.242
I00127397,O0033543-B1,O0033543,P00298,warehouse,2026-02-25,handover,final,1.7,0.0935
I00200857,O0052977-B1,O0052977,P00241,warehouse,2026-02-19,handover,final,0.99,0.0544
I00215700,O0056866-B1,O0056866,P00606,warehouse,2026-02-10,handover,final,2.39,0.1314
I00061596,O0016221-B1,O0016221,P00414,warehouse,2026-02-17,handover,final,9.45,0.5197
I00219345,O0057832-B2,O0057832,P00710,warehouse,2026-02-09,handover,final,3.11,0.171
I00111011,O0029192-B1,O0029192,P00160,warehouse,2026-02-20,handover,final,6.1,0.3355
I00015746,O0004139-B1,O0004139,P00049,warehouse,2026-02-11,handover,final,0.99,0.0544
I00109232,O0028705-B1,O0028705,P00718,warehouse,2026-02-07,handover,final,4.56,0.2508
I00172023,O0045373-B1,O0045373,P00700,cross_border,2026-02-04,handover,final,5.77,0.3173
I00198911,O0052460-B1,O0052460,P00403,cross_border,2026-02-03,handover,final,10.62,0.5841
I00162880,O0042975-B1,O0042975,P00419,warehouse,2026-02-10,handover,final,1.78,0.0979
I00089407,O0023528-B1,O0023528,P00456,warehouse,2026-02-17,handover,final,2.45,0.1348
I00111428,O0029300-B1,O0029300,P00410,warehouse,2026-02-05,handover,final,1.62,0.0891
I00205112,O0054091-B2,O0054091,P00208,warehouse,2026-02-07,handover,final,1.23,0.0676
I00161828,O0042704-B2,O0042704,P00273,cross_border,2026-02-09,handover,final,17.36,0.9548
I00008587,O0002256-B1,O0002256,P00733,warehouse,2026-02-21,handover,final,2.82,0.1551
I00188653,O0049752-B1,O0049752,P00351,warehouse,2026-02-20,handover,final,2.4,0.132
I00053777,O0014161-B1,O0014161,P00296,warehouse,2026-02-16,handover,final,10.95,0.6022
I00221841,O0058516-B1,O0058516,P00713,cross_border,2026-02-13,handover,final,13.43,0.7386
I00176517,O0046580-B1,O0046580,P00467,warehouse,2026-02-08,handover,final,0.99,0.0544
I00048850,O0012886-B1,O0012886,P00453,warehouse,2026-02-02,handover,final,0.99,0.0544
I00126133,O0033193-B2,O0033193,P00347,warehouse,2026-02-26,handover,final,0.99,0.0544
I00083881,O0022119-B2,O0022119,P00071,warehouse,2026-02-19,handover,final,6.03,0.3316
R00129018,O0033988-B1,O0033988,P00439,warehouse,2026-02-22,handover_return,final,-2.28,-0.1254
C00216164,O0056985-B1,O0056985,P00001,cross_border,2026-02-18,handover,corrected,1.17,0.0643
I00196765,O0051895-B2,O0051895,P00421,warehouse,2026-02-28,handover,final,1.62,0.0891
I00004343,O0001120-B2,O0001120,P00137,warehouse,2026-02-22,handover,final,1.69,0.0929
I00180380,O0047619-B1,O0047619,P00843,warehouse,2026-02-21,handover,final,0.99,0.0544
I00191577,O0050522-B1,O0050522,P00325,warehouse,2026-02-15,handover,final,2.29,0.126
I00184002,O0048530-B1,O0048530,P00548,warehouse,2026-02-02,handover,final,4.23,0.2327
I00068521,O0018043-B1,O0018043,P00569,retail,2026-02-03,handover,final,4.02,0.2211
I00207292,O0054659-B1,O0054659,P00768,warehouse,2026-02-13,handover,final,0.99,0.0544
I00188025,O0049598-B2,O0049598,P00576,warehouse,2026-03-01,handover,final,1.9,0.1045
I00131111,O0034521-B1,O0034521,P00166,warehouse,2026-02-03,handover,final,0.99,0.0544
I00209977,O0055311-B2,O0055311,P00032,warehouse,2026-03-01,handover,final,4.42,0.2431
I00132009,O0034765-B1,O0034765,P00719,warehouse,2026-02-20,handover,final,1.14,0.0627
I00147315,O0038846-B1,O0038846,P00627,warehouse,2026-02-11,handover,final,0.99,0.0544
I00146512,O0038633-B1,O0038633,P00291,cross_border,2026-02-07,handover,final,15.68,0.8624
I00134487,O0035435-B1,O0035435,P00027,warehouse,2026-02-21,handover,final,0.99,0.0544
I00186771,O0049241-B1,O0049241,P00372,warehouse,2026-02-28,handover,final,5.59,0.3074
I00114137,O0030022-B1,O0030022,P00070,merchant_shipped,2026-02-16,handover,final,19.0,1.045
I00086044,O0022662-B2,O0022662,P00031,warehouse,2026-02-18,handover,final,0.99,0.0544
I00105355,O0027673-B3,O0027673,P00372,warehouse,2026-02-06,handover,final,1.75,0.0962
I00175921,O0046417-B1,O0046417,P00763,warehouse,2026-02-23,handover,final,2.35,0.1292
I00210058,O0055331-B1,O0055331,P00685,retail,2026-02-07,handover,final,5.14,0.2827
I00084978,O0022386-B1,O0022386,P00041,retail,2026-02-14,handover,final,1.0,0.055
I00167537,O0044174-B2,O0044174,P00664,warehouse,2026-03-02,handover,final,1.66,0.0913
I00024417,O0006452-B1,O0006452,P00433,warehouse,2026-02-03,handover,final,0.99,0.0544
I00005056,O0001317-B1,O0001317,P00366,warehouse,2026-02-16,handover,final,6.16,0.3388
I00056009,O0014769-B1,O0014769,P00018,merchant_shipped,2026-02-03,handover,final,4.06,0.2233
I00008559,O0002248-B1,O0002248,P00331,warehouse,2026-02-14,handover,final,16.76,0.9218
I00067739,O0017820-B1,O0017820,P00350,warehouse,2026-02-06,handover,final,0.99,0.0544
I00048854,O0012886-B1,O0012886,P00453,warehouse,2026-02-02,handover,final,0.99,0.0544
I00208660,O0054994-B1,O0054994,P00409,warehouse,2026-02-19,handover,final,1.1,0.0605
I00088031,O0023172-B1,O0023172,P00515,warehouse,2026-02-23,handover,final,3.7,0.2035
I00059758,O0015751-B1,O0015751,P00107,cross_border,2026-02-10,handover,final,2.7,0.1485
I00119599,O0031482-B2,O0031482,P00848,warehouse,2026-02-07,handover,final,1.27,0.0698
I00203212,O0053572-B1,O0053572,P00204,merchant_shipped,2026-02-24,handover,final,5.72,0.3146
I00194894,O0051401-B1,O0051401,P00013,warehouse,2026-02-14,handover,final,5.67,0.3118
I00222724,O0058770-B1,O0058770,P00512,warehouse,2026-02-04,handover,final,6.8,0.374
C00124530,O0032791-B1,O0032791,P00309,warehouse,2026-02-22,handover,corrected,7.39,0.4064
I00157748,O0041638-B1,O0041638,P00237,warehouse,2026-02-25,handover,final,28.32,1.5576
I00117237,O0030850-B2,O0030850,P00097,warehouse,2026-02-10,handover,final,0.99,0.0544
I00115604,O0030409-B1,O0030409,P00510,warehouse,2026-02-23,handover,final,4.15,0.2282
I00198175,O0052263-B1,O0052263,P00651,merchant_shipped,2026-02-09,handover,final,1.51,0.083
I00037175,O0009832-B1,O0009832,P00420,warehouse,2026-02-13,handover,final,3.66,0.2013
I00186777,O0049242-B1,O0049242,P00295,warehouse,2026-02-08,handover,final,1.38,0.0759
I00167671,O0044209-B1,O0044209,P00352,warehouse,2026-02-19,handover,final,0.99,0.0544
I00195571,O0051587-B1,O0051587,P00373,warehouse,2026-02-06,handover,final,0.99,0.0544
I00017195,O0004534-B1,O0004534,P00376,warehouse,2026-02-14,handover,final,0.99,0.0544
I00156750,O0041361-B1,O0041361,P00609,warehouse,2026-02-04,handover,final,0.99,0.0544
I00108111,O0028412-B1,O0028412,P00144,warehouse,2026-02-12,handover,final,1.06,0.0583
I00025987,O0006872-B1,O0006872,P00734,warehouse,2026-02-02,handover,final,0.99,0.0544
I00098346,O0025865-B1,O0025865,P00246,warehouse,2026-02-22,handover,final,0.99,0.0544
I00187904,O0049565-B1,O0049565,P00648,warehouse,2026-02-23,handover,final,4.69,0.258
R00033417,O0008818-B1,O0008818,P00036,warehouse,2026-02-20,handover_return,final,-0.99,-0.0544
I00135117,O0035592-B1,O0035592,P00466,warehouse,2026-02-12,handover,final,1.51,0.083
I00072952,O0019243-B1,O0019243,P00782,warehouse,2026-02-18,handover,final,1.3,0.0715
I00214472,O0056525-B1,O0056525,P00097,warehouse,2026-02-24,handover,final,5.09,0.2799
I00196562,O0051843-B1,O0051843,P00684,warehouse,2026-02-28,handover,final,0.99,0.0544
I00123021,O0032368-B1,O0032368,P00247,warehouse,2026-02-26,handover,final,1.07,0.0589
R00119587,O0031481-B3,O0031481,P00304,warehouse,2026-02-24,handover_return,final,-10.39,-0.5714
I00222915,O0058821-B2,O0058821,P00475,warehouse,2026-02-15,handover,final,0.99,0.0544
I00211069,O0055618-B1,O0055618,P00187,warehouse,2026-02-10,handover,final,2.51,0.138
I00176502,O0046574-B1,O0046574,P00804,warehouse,2026-02-25,handover,final,0.99,0.0544
I00152118,O0040133-B1,O0040133,P00139,warehouse,2026-02-16,handover,final,0.99,0.0544
I00088960,O0023409-B1,O0023409,P00185,warehouse,2026-02-14,handover,final,0.99,0.0544
I00199884,O0052721-B1,O0052721,P00227,warehouse,2026-02-26,handover,final,0.99,0.0544
I00123586,O0032537-B1,O0032537,P00109,warehouse,2026-02-05,handover,final,3.41,0.1876
I00129277,O0034062-B1,O0034062,P00464,warehouse,2026-02-10,handover,final,1.01,0.0556
C00091222,O0023986-B1,O0023986,P00117,warehouse,2026-02-26,handover,corrected,0.84,0.0462
I00008712,O0002283-B1,O0002283,P00147,warehouse,2026-02-28,handover,final,7.76,0.4268
I00172297,O0045451-B1,O0045451,P00559,warehouse,2026-02-01,handover,final,0.99,0.0544
I00102664,O0026958-B1,O0026958,P00489,warehouse,2026-02-06,handover,final,6.05,0.3328
I00144032,O0037962-B1,O0037962,P00581,warehouse,2026-02-14,handover,final,1.14,0.0627
I00148373,O0039140-B1,O0039140,P00659,merchant_shipped,2026-02-21,handover,final,6.16,0.3388
I00023306,O0006163-B1,O0006163,P00396,warehouse,2026-02-14,handover,final,8.6,0.473
I00081169,O0021405-B2,O0021405,P00308,warehouse,2026-02-05,handover,final,2.4,0.132
I00137503,O0036235-B1,O0036235,P00692,warehouse,2026-02-10,handover,final,8.54,0.4697
I00102415,O0026895-B1,O0026895,P00048,merchant_shipped,2026-02-04,handover,final,32.14,1.7677
I00026442,O0006987-B2,O0006987,P00340,warehouse,2026-02-14,handover,final,0.99,0.0544
I00149976,O0039573-B1,O0039573,P00658,warehouse,2026-02-12,handover,final,0.99,0.0544
I00074366,O0019619-B1,O0019619,P00450,warehouse,2026-02-08,handover,final,0.99,0.0544
I00096276,O0025339-B2,O0025339,P00105,cross_border,2026-02-11,handover,final,4.27,0.2348
I00124035,O0032658-B1,O0032658,P00645,warehouse,2026-02-07,handover,final,4.08,0.2244
I00047052,O0012398-B1,O0012398,P00649,warehouse,2026-02-22,handover,final,4.38,0.2409
I00193290,O0050974-B3,O0050974,P00143,warehouse,2026-02-20,handover,final,24.75,1.3612
I00053566,O0014107-B1,O0014107,P00221,warehouse,2026-02-09,handover,final,4.72,0.2596
I00002125,O0000553-B2,O0000553,P00609,warehouse,2026-02-17,handover,final,1.04,0.0572
I00080560,O0021243-B1,O0021243,P00735,warehouse,2026-02-09,handover,final,2.4,0.132
I00203678,O0053708-B1,O0053708,P00677,warehouse,2026-02-19,handover,final,0.99,0.0544
I00014362,O0003775-B1,O0003775,P00815,warehouse,2026-02-19,handover,final,1.41,0.0775
I00111197,O0029239-B1,O0029239,P00534,warehouse,2026-02-17,handover,final,2.37,0.1304
I00018041,O0004756-B1,O0004756,P00802,retail,2026-02-27,handover,final,1.74,0.0957
I00212311,O0055948-B1,O0055948,P00718,warehouse,2026-02-21,handover,final,2.6,0.143
I00131621,O0034658-B1,O0034658,P00660,warehouse,2026-02-21,handover,final,8.47,0.4658
I00216816,O0057151-B1,O0057151,P00406,warehouse,2026-02-07,handover,final,0.99,0.0544
I00069007,O0018167-B1,O0018167,P00370,cross_border,2026-02-16,handover,final,2.27,0.1248
I00140749,O0037109-B1,O0037109,P00064,warehouse,2026-02-11,handover,final,0.99,0.0544
I00109955,O0028898-B1,O0028898,P00097,warehouse,2026-02-04,handover,final,0.99,0.0544
I00210171,O0055363-B1,O0055363,P00850,warehouse,2026-02-04,handover,final,4.75,0.2612
I00114676,O0030165-B2,O0030165,P00112,warehouse,2026-02-26,handover,final,0.99,0.0544
I00155526,O0041032-B1,O0041032,P00071,warehouse,2026-02-03,handover,final,1.18,0.0649
I00120685,O0031759-B1,O0031759,P00836,warehouse,2026-02-04,handover,final,16.51,0.9081
I00126618,O0033315-B1,O0033315,P00268,warehouse,2026-02-11,handover,final,0.99,0.0544
I00214231,O0056459-B1,O0056459,P00512,warehouse,2026-02-12,handover,final,1.7,0.0935
I00103802,O0027254-B1,O0027254,P00802,merchant_shipped,2026-02-08,handover,final,2.35,0.1292
I00105030,O0027594-B1,O0027594,P00478,warehouse,2026-02-21,handover,final,0.99,0.0544
I00134493,O0035436-B2,O0035436,P00759,warehouse,2026-03-01,handover,final,23.36,1.2848
I00203919,O0053775-B1,O0053775,P00520,warehouse,2026-02-19,handover,final,2.26,0.1243
I00159404,O0042049-B1,O0042049,P00611,warehouse,2026-02-22,handover,final,3.21,0.1766
I00110112,O0028943-B1,O0028943,P00304,warehouse,2026-02-01,handover,final,12.47,0.6859
I00042682,O0011258-B2,O0011258,P00342,warehouse,2026-03-01,handover,final,0.99,0.0544
I00020960,O0005534-B2,O0005534,P00360,warehouse,2026-02-08,handover,final,2.58,0.1419
I00040854,O0010791-B1,O0010791,P00666,retail,2026-02-01,handover,final,40.11,2.206
I00185892,O0049009-B1,O0049009,P00035,warehouse,2026-02-18,handover,final,1.09,0.06
I00186894,O0049276-B2,O0049276,P00535,warehouse,2026-02-06,handover,final,0.99,0.0544
I00145287,O0038293-B1,O0038293,P00800,warehouse,2026-02-09,handover,final,12.61,0.6936
I00156778,O0041370-B1,O0041370,P00521,warehouse,2026-02-11,handover,final,7.29,0.401
I00082521,O0021759-B1,O0021759,P00228,warehouse,2026-02-09,handover,final,0.99,0.0544
I00079555,O0020980-B2,O0020980,P00155,warehouse,2026-02-04,handover,final,5.85,0.3218
I00126669,O0033327-B2,O0033327,P00604,warehouse,2026-02-21,handover,final,13.31,0.732
I00124156,O0032690-B1,O0032690,P00697,warehouse,2026-02-17,handover,final,0.99,0.0544
I00108429,O0028497-B1,O0028497,P00143,warehouse,2026-02-02,handover,final,0.99,0.0544
I00050706,O0013375-B1,O0013375,P00421,warehouse,2026-02-15,handover,final,13.93,0.7662
I00133690,O0035219-B1,O0035219,P00101,merchant_shipped,2026-02-09,handover,final,14.83,0.8156
I00137370,O0036198-B1,O0036198,P00589,warehouse,2026-02-14,handover,final,0.99,0.0544
I00094245,O0024798-B1,O0024798,P00779,warehouse,2026-02-17,handover,final,0.99,0.0544
I00143929,O0037938-B1,O0037938,P00832,merchant_shipped,2026-02-19,handover,final,3.3,0.1815
I00063842,O0016790-B1,O0016790,P00525,warehouse,2026-02-19,handover,final,11.85,0.6517
I00147276,O0038833-B2,O0038833,P00567,warehouse,2026-02-17,handover,final,1.09,0.06
I00101376,O0026632-B1,O0026632,P00230,warehouse,2026-02-09,handover,final,1.36,0.0748
I00170566,O0044976-B2,O0044976,P00245,warehouse,2026-02-24,handover,final,7.26,0.3993
I00200487,O0052871-B1,O0052871,P00580,warehouse,2026-02-12,handover,final,3.96,0.2178
I00103349,O0027130-B2,O0027130,P00099,warehouse,2026-02-10,handover,final,0.99,0.0544
X00170240,O9044892-B1,O0044892,P00315,warehouse,2026-02-12,handover_return,final,-6.19,-0.3405
I00216125,O0056975-B1,O0056975,P00131,retail,2026-02-04,handover,final,9.31,0.512
I00154917,O0040873-B1,O0040873,P00615,retail,2026-02-21,handover,final,4.79,0.2634
I00015495,O0004068-B1,O0004068,P00487,warehouse,2026-02-03,handover,final,88.23,2.5
I00002207,O0000576-B2,O0000576,P00192,warehouse,2026-02-04,handover,final,1.23,0.0676
I00008848,O0002323-B1,O0002323,P00284,warehouse,2026-02-19,handover,final,0.99,0.0544
I00070487,O0018575-B1,O0018575,P00041,warehouse,2026-02-07,handover,final,4.94,0.2717
I00164192,O0043291-B1,O0043291,P00408,warehouse,2026-02-23,handover,final,1.56,0.0858
I00072903,O0019229-B1,O0019229,P00672,warehouse,2026-02-06,handover,final,9.03,0.4966
I00179638,O0047428-B1,O0047428,P00675,warehouse,2026-02-02,handover,final,0.99,0.0544
I00072362,O0019090-B1,O0019090,P00530,warehouse,2026-02-10,handover,final,1.12,0.0616
I00108393,O0028487-B1,O0028487,P00371,warehouse,2026-02-11,handover,final,3.32,0.1826
I00099240,O0026103-B1,O0026103,P00242,warehouse,2026-02-03,handover,final,1.18,0.0649
I00190341,O0050183-B2,O0050183,P00221,warehouse,2026-02-26,handover,final,0.99,0.0544
I00057317,O0015118-B1,O0015118,P00821,warehouse,2026-02-05,handover,final,0.99,0.0544
C00027888,O0007359-B1,O0007359,P00589,warehouse,2026-02-14,handover,corrected,0.98,0.0539
I00144216,O0038000-B1,O0038000,P00063,warehouse,2026-02-17,handover,final,0.99,0.0544
R00057192,O0015082-B1,O0015082,P00781,warehouse,2026-02-01,handover_return,final,-0.99,-0.0544
I00103323,O0027124-B1,O0027124,P00358,cross_border,2026-02-17,handover,final,105.96,2.5
I00117488,O0030918-B1,O0030918,P00245,warehouse,2026-02-12,handover,final,6.34,0.3487
I00075257,O0019850-B1,O0019850,P00628,warehouse,2026-02-22,handover,final,0.99,0.0544
I00153437,O0040481-B1,O0040481,P00004,warehouse,2026-02-02,handover,final,5.01,0.2756
I00204318,O0053881-B1,O0053881,P00538,warehouse,2026-02-19,handover,final,7.19,0.3955
I00220934,O0058258-B1,O0058258,P00538,merchant_shipped,2026-02-21,handover,final,14.94,0.8217
I00126112,O0033187-B1,O0033187,P00113,warehouse,2026-02-04,handover,final,0.99,0.0544
I00153396,O0040470-B2,O0040470,P00236,warehouse,2026-02-23,handover,final,0.99,0.0544
I00029459,O0007779-B1,O0007779,P00555,warehouse,2026-02-09,handover,final,5.85,0.3218
I00168101,O0044313-B1,O0044313,P00216,warehouse,2026-02-02,handover,final,6.73,0.3702
I00039908,O0010541-B1,O0010541,P00246,warehouse,2026-02-20,handover,final,0.99,0.0544
I00056604,O0014924-B1,O0014924,P00248,warehouse,2026-02-13,handover,final,6.81,0.3746
I00211932,O0055850-B1,O0055850,P00761,warehouse,2026-02-11,handover,final,0.99,0.0544
I00183674,O0048452-B1,O0048452,P00614,warehouse,2026-02-13,handover,final,3.3,0.1815
I00174897,O0046138-B1,O0046138,P00149,warehouse,2026-02-11,handover,final,1.05,0.0578
I00055907,O0014742-B1,O0014742,P00073,warehouse,2026-02-01,handover,final,3.32,0.1826
I00010573,O0002777-B1,O0002777,P00168,warehouse,2026-02-16,handover,final,5.71,0.314
I00057534,O0015173-B1,O0015173,P00543,warehouse,2026-02-10,handover,final,4.18,0.2299
I00081274,O0021432-B1,O0021432,P00775,warehouse,2026-02-23,handover,final,3.78,0.2079
I00161933,O0042733-B1,O0042733,P00583,warehouse,2026-02-25,handover,final,10.32,0.5676
I00180064,O0047534-B1,O0047534,P00519,warehouse,2026-02-07,handover,final,4.94,0.2717
I00185010,O0048782-B1,O0048782,P00385,warehouse,2026-02-08,handover,final,0.99,0.0544
I00115991,O0030515-B1,O0030515,P00188,warehouse,2026-02-01,handover,final,1.64,0.0902
I00009238,O0002419-B1,O0002419,P00080,warehouse,2026-02-13,handover,final,0.99,0.0544
I00170877,O0045059-B1,O0045059,P00424,cross_border,2026-02-24,handover,final,33.88,1.8634
I00189915,O0050071-B1,O0050071,P00722,warehouse,2026-02-21,handover,final,11.43,0.6286
I00137487,O0036232-B1,O0036232,P00816,warehouse,2026-02-01,handover,final,9.23,0.5077
I00087763,O0023103-B2,O0023103,P00367,warehouse,2026-02-24,handover,final,38.36,2.1098
I00220924,O0058256-B1,O0058256,P00226,warehouse,2026-02-21,handover,final,1.93,0.1062
I00072540,O0019136-B1,O0019136,P00050,merchant_shipped,2026-02-21,handover,final,4.03,0.2216
I00183996,O0048528-B1,O0048528,P00745,warehouse,2026-02-13,handover,final,0.99,0.0544
I00108356,O0028479-B1,O0028479,P00082,warehouse,2026-02-27,handover,final,0.99,0.0544
I00178801,O0047214-B2,O0047214,P00376,warehouse,2026-02-19,handover,final,5.16,0.2838
I00064773,O0017042-B2,O0017042,P00118,warehouse,2026-02-04,handover,final,1.09,0.06
I00163992,O0043239-B1,O0043239,P00719,warehouse,2026-02-13,handover,final,10.18,0.5599
I00114453,O0030100-B1,O0030100,P00777,warehouse,2026-02-26,handover,final,2.98,0.1639
I00156863,O0041391-B2,O0041391,P00819,warehouse,2026-03-01,handover,final,0.99,0.0544
I00066045,O0017369-B1,O0017369,P00067,warehouse,2026-02-19,handover,final,18.0,0.99
I00017595,O0004636-B1,O0004636,P00273,warehouse,2026-02-28,handover,final,0.99,0.0544
I00174414,O0046012-B1,O0046012,P00198,warehouse,2026-02-02,handover,final,0.99,0.0544
I00106605,O0028009-B1,O0028009,P00523,warehouse,2026-02-18,handover,final,1.18,0.0649
C00203003,O0053520-B1,O0053520,P00312,warehouse,2026-02-04,handover,corrected,2.29,0.126
I00028192,O0007442-B1,O0007442,P00107,warehouse,2026-02-21,handover,final,0.99,0.0544
I00038161,O0010098-B1,O0010098,P00795,warehouse,2026-02-28,handover,final,3.66,0.2013
I00072621,O0019157-B1,O0019157,P00368,warehouse,2026-02-20,handover,final,4.93,0.2712
I00167113,O0044064-B1,O0044064,P00119,cross_border,2026-02-04,handover,final,33.36,1.8348
I00108479,O0028507-B1,O0028507,P00080,warehouse,2026-02-12,handover,final,1.14,0.0627
I00181545,O0047914-B1,O0047914,P00167,warehouse,2026-02-21,handover,final,3.19,0.1754
I00225362,O0059497-B1,O0059497,P00850,retail,2026-02-03,handover,final,2.89,0.159
I00028348,O0007486-B1,O0007486,P00226,warehouse,2026-02-15,handover,final,5.54,0.3047
I00196438,O0051811-B1,O0051811,P00424,warehouse,2026-02-08,handover,final,1.82,0.1001
I00029454,O0007777-B1,O0007777,P00547,warehouse,2026-02-06,handover,final,1.1,0.0605
I00108871,O0028609-B1,O0028609,P00078,cross_border,2026-02-15,handover,final,4.17,0.2294
I00116543,O0030659-B2,O0030659,P00095,warehouse,2026-02-19,handover,final,1.33,0.0732
I00205513,O0054198-B1,O0054198,P00195,warehouse,2026-02-12,handover,final,2.17,0.1194
I00036836,O0009743-B1,O0009743,P00207,warehouse,2026-02-22,handover,final,2.03,0.1116
I00196540,O0051837-B1,O0051837,P00772,warehouse,2026-02-25,handover,final,2.23,0.1226
I00073062,O0019273-B3,O0019273,P00157,warehouse,2026-03-01,handover,final,1.05,0.0578
I00091246,O0023992-B1,O0023992,P00654,warehouse,2026-02-06,handover,final,9.12,0.5016
I00175805,O0046386-B2,O0046386,P00420,warehouse,2026-03-01,handover,final,1.86,0.1023
R00038714,O0010238-B2,O0010238,P00219,warehouse,2026-02-17,handover_return,final,-1.98,-0.1089
C00042116,O0011108-B1,O0011108,P00027,warehouse,2026-02-17,handover,corrected,2.6,0.143
I00105688,O0027756-B1,O0027756,P00663,warehouse,2026-02-06,handover,final,4.29,0.236
I00211321,O0055688-B2,O0055688,P00471,warehouse,2026-02-20,handover,final,3.92,0.2156
I00220037,O0058016-B1,O0058016,P00044,retail,2026-02-02,handover,final,3.47,0.1909
I00221221,O0058340-B2,O0058340,P00076,warehouse,2026-02-05,handover,final,0.99,0.0544
I00145621,O0038386-B1,O0038386,P00324,merchant_shipped,2026-02-28,handover,final,5.78,0.3179
I00088375,O0023258-B1,O0023258,P00368,warehouse,2026-02-16,handover,final,4.59,0.2524
I00172997,O0045633-B2,O0045633,P00189,retail,2026-02-20,handover,final,6.6,0.363
I00115837,O0030468-B1,O0030468,P00085,warehouse,2026-02-20,handover,final,0.99,0.0544
I00134976,O0035555-B1,O0035555,P00420,warehouse,2026-02-12,handover,final,7.49,0.412
I00174304,O0045985-B1,O0045985,P00837,warehouse,2026-02-17,handover,final,0.99,0.0544
I00211041,O0055614-B1,O0055614,P00786,warehouse,2026-02-10,handover,final,6.02,0.3311
I00162978,O0042996-B1,O0042996,P00736,warehouse,2026-02-11,handover,final,10.38,0.5709
I00064522,O0016971-B2,O0016971,P00233,warehouse,2026-02-07,handover,final,0.99,0.0544
I00173259,O0045700-B1,O0045700,P00233,warehouse,2026-02-16,handover,final,7.11,0.391
I00131363,O0034585-B1,O0034585,P00111,cross_border,2026-02-16,handover,final,6.5,0.3575
I00202198,O0053318-B1,O0053318,P00581,warehouse,2026-02-19,handover,final,15.97,0.8784
I00169317,O0044642-B2,O0044642,P00255,warehouse,2026-02-16,handover,final,0.99,0.0544
I00006704,O0001745-B1,O0001745,P00229,warehouse,2026-02-01,handover,final,7.45,0.4098
I00192425,O0050743-B1,O0050743,P00056,warehouse,2026-02-08,handover,final,8.3,0.4565
I00205589,O0054219-B1,O0054219,P00233,warehouse,2026-02-22,handover,final,2.18,0.1199
R00085495,O0022524-B1,O0022524,P00492,warehouse,2026-02-24,handover_return,final,-1.74,-0.0957
I00207955,O0054827-B2,O0054827,P00727,warehouse,2026-02-07,handover,final,1.18,0.0649
I00180126,O0047548-B1,O0047548,P00563,warehouse,2026-02-07,handover,final,7.35,0.4042
I00167989,O0044284-B1,O0044284,P00346,merchant_shipped,2026-02-01,handover,final,6.88,0.3784
I00186984,O0049302-B1,O0049302,P00601,merchant_shipped,2026-02-13,handover,final,16.44,0.9042
I00075086,O0019797-B1,O0019797,P00116,warehouse,2026-02-08,handover,final,0.99,0.0544
I00143334,O0037767-B1,O0037767,P00444,warehouse,2026-02-14,handover,final,18.66,1.0263
R00045580,O0012034-B1,O0012034,P00654,warehouse,2026-02-13,handover_return,final,-5.33,-0.2932
I00159819,O0042154-B1,O0042154,P00717,warehouse,2026-02-27,handover,final,0.99,0.0544
I00018099,O0004769-B1,O0004769,P00509,warehouse,2026-02-12,handover,final,0.99,0.0544
I00047180,O0012437-B1,O0012437,P00113,warehouse,2026-02-23,handover,final,9.62,0.5291
R00216441,O0057054-B1,O0057054,P00148,cross_border,2026-02-11,handover_return,final,-35.17,-1.9344
I00181259,O0047838-B2,O0047838,P00010,warehouse,2026-02-12,handover,final,22.09,1.215
I00177428,O0046830-B1,O0046830,P00648,warehouse,2026-02-03,handover,final,3.38,0.1859
I00014837,O0003901-B1,O0003901,P00442,warehouse,2026-02-24,handover,final,0.99,0.0544
I00162857,O0042970-B1,O0042970,P00677,warehouse,2026-02-24,handover,final,1.67,0.0918
I00126462,O0033273-B1,O0033273,P00562,warehouse,2026-02-26,handover,final,0.99,0.0544
I00204560,O0053947-B1,O0053947,P00522,warehouse,2026-02-09,handover,final,3.6,0.198
I00203319,O0053609-B1,O0053609,P00105,retail,2026-02-08,handover,final,1.92,0.1056
I00152903,O0040355-B1,O0040355,P00732,warehouse,2026-02-23,handover,final,3.48,0.1914
I00197881,O0052180-B1,O0052180,P00597,retail,2026-02-12,handover,final,8.5,0.4675
I00186273,O0049112-B1,O0049112,P00729,merchant_shipped,2026-02-22,handover,final,7.63,0.4196
I00022441,O0005942-B1,O0005942,P00806,warehouse,2026-02-06,handover,final,12.81,0.7046
I00017414,O0004591-B1,O0004591,P00230,warehouse,2026-02-28,handover,final,20.26,1.1143
I00010727,O0002816-B1,O0002816,P00799,warehouse,2026-02-24,handover,final,21.5,1.1825
I00149194,O0039355-B1,O0039355,P00303,warehouse,2026-02-17,handover,final,0.99,0.0544
I00148576,O0039197-B1,O0039197,P00315,warehouse,2026-02-28,handover,final,3.48,0.1914
I00011974,O0003153-B1,O0003153,P00195,warehouse,2026-02-06,handover,final,0.99,0.0544
I00213863,O0056363-B2,O0056363,P00614,warehouse,2026-02-14,handover,final,1.33,0.0732
I00183442,O0048395-B1,O0048395,P00106,warehouse,2026-02-24,handover,final,0.99,0.0544
I00128637,O0033877-B1,O0033877,P00015,retail,2026-02-05,handover,final,1.79,0.0984
I00073273,O0019331-B1,O0019331,P00576,merchant_shipped,2026-02-04,handover,final,5.48,0.3014
I00061163,O0016114-B1,O0016114,P00815,warehouse,2026-02-14,handover,final,2.63,0.1446
I00115861,O0030473-B1,O0030473,P00639,warehouse,2026-02-26,handover,final,0.99,0.0544
I00067106,O0017653-B1,O0017653,P00723,warehouse,2026-02-06,handover,final,0.99,0.0544
I00224018,O0059114-B1,O0059114,P00036,warehouse,2026-02-07,handover,final,0.99,0.0544
I00207324,O0054665-B1,O0054665,P00717,warehouse,2026-02-28,handover,final,6.09,0.3349
I00181793,O0047978-B1,O0047978,P00549,warehouse,2026-02-03,handover,final,0.99,0.0544
I00106096,O0027873-B1,O0027873,P00676,warehouse,2026-02-11,handover,final,0.99,0.0544
I00038392,O0010160-B1,O0010160,P00507,warehouse,2026-02-26,handover,final,0.99,0.0544
I00143038,O0037696-B1,O0037696,P00621,warehouse,2026-02-07,handover,final,1.25,0.0688
X00072690,O9019179-B2,O0019179,P00623,warehouse,2026-02-18,handover_return,final,-2.51,-0.138
I00153139,O0040411-B1,O0040411,P00532,merchant_shipped,2026-02-22,handover,final,9.1,0.5005
I00200723,O0052940-B1,O0052940,P00360,warehouse,2026-02-08,handover,final,0.99,0.0544
I00022088,O0005840-B1,O0005840,P00021,retail,2026-02-03,handover,final,1.46,0.0803
I00032524,O0008573-B1,O0008573,P00437,merchant_shipped,2026-02-26,handover,final,8.39,0.4614
I00034059,O0009002-B1,O0009002,P00662,warehouse,2026-02-10,handover,final,0.99,0.0544
I00182270,O0048100-B1,O0048100,P00093,warehouse,2026-02-18,handover,final,0.99,0.0544
I00201415,O0053118-B1,O0053118,P00363,warehouse,2026-02-17,handover,final,0.99,0.0544
I00122454,O0032215-B1,O0032215,P00821,warehouse,2026-02-06,handover,final,5.04,0.2772
I00146848,O0038723-B2,O0038723,P00277,warehouse,2026-02-26,handover,final,1.28,0.0704
I00192171,O0050672-B2,O0050672,P00011,warehouse,2026-02-08,handover,final,16.1,0.8855
I00000117,O0000027-B1,O0000027,P00062,warehouse,2026-02-26,handover,final,1.08,0.0594
I00003513,O0000913-B1,O0000913,P00046,warehouse,2026-02-05,handover,final,1.46,0.0803
I00182462,O0048156-B1,O0048156,P00511,warehouse,2026-02-20,handover,final,0.99,0.0544
I00061279,O0016141-B1,O0016141,P00383,merchant_shipped,2026-02-24,handover,final,76.99,2.5
I00108991,O0028637-B2,O0028637,P00609,warehouse,2026-02-17,handover,final,1.64,0.0902
I00097641,O0025690-B1,O0025690,P00322,warehouse,2026-02-28,handover,final,3.11,0.171
I00198536,O0052359-B1,O0052359,P00014,warehouse,2026-02-01,handover,final,7.02,0.3861
I00223668,O0059023-B3,O0059023,P00108,warehouse,2026-02-12,handover,final,2.74,0.1507
I00013103,O0003440-B2,O0003440,P00385,warehouse,2026-02-07,handover,final,3.7,0.2035
I00218713,O0057663-B2,O0057663,P00322,warehouse,2026-02-21,handover,final,0.99,0.0544
I00073735,O0019448-B1,O0019448,P00573,warehouse,2026-02-06,handover,final,3.3,0.1815
I00219473,O0057866-B1,O0057866,P00239,cross_border,2026-02-12,handover,final,6.23,0.3426
I00058565,O0015431-B1,O0015431,P00824,warehouse,2026-02-09,handover,final,2.56,0.1408
I00176348,O0046529-B2,O0046529,P00135,warehouse,2026-02-11,handover,final,1.5,0.0825
I00225694,O0059583-B1,O0059583,P00121,warehouse,2026-02-17,handover,final,3.86,0.2123
I00182452,O0048153-B1,O0048153,P00411,warehouse,2026-02-13,handover,final,0.99,0.0544
I00159853,O0042167-B1,O0042167,P00673,warehouse,2026-02-14,handover,final,5.55,0.3052
I00066805,O0017573-B1,O0017573,P00317,warehouse,2026-02-15,handover,final,5.74,0.3157
I00075211,O0019833-B1,O0019833,P00620,cross_border,2026-02-23,handover,final,35.12,1.9316
I00081658,O0021547-B1,O0021547,P00225,warehouse,2026-02-05,handover,final,3.21,0.1766
I00165832,O0043716-B1,O0043716,P00531,warehouse,2026-02-02,handover,final,0.99,0.0544
I00089886,O0023649-B1,O0023649,P00347,warehouse,2026-02-06,handover,final,6.13,0.3372
I00123210,O0032424-B1,O0032424,P00547,warehouse,2026-02-17,handover,final,4.16,0.2288
I00197955,O0052198-B1,O0052198,P00757,warehouse,2026-02-07,handover,final,2.52,0.1386
I00211558,O0055743-B2,O0055743,P00178,warehouse,2026-02-10,handover,final,0.99,0.0544
I00200923,O0052990-B2,O0052990,P00750,warehouse,2026-02-03,handover,final,11.13,0.6122
I00148529,O0039186-B1,O0039186,P00281,warehouse,2026-02-20,handover,final,4.26,0.2343
I00138504,O0036506-B1,O0036506,P00269,warehouse,2026-02-10,handover,final,5.04,0.2772
I00028268,O0007463-B1,O0007463,P00401,warehouse,2026-02-04,handover,final,6.84,0.3762
I00081708,O0021562-B1,O0021562,P00657,warehouse,2026-02-15,handover,final,0.99,0.0544
I00032971,O0008692-B1,O0008692,P00041,warehouse,2026-02-26,handover,final,0.99,0.0544
I00019026,O0005007-B2,O0005007,P00755,warehouse,2026-03-02,handover,final,0.99,0.0544
I00010660,O0002797-B1,O0002797,P00822,warehouse,2026-02-15,handover,final,0.99,0.0544
I00135947,O0035822-B1,O0035822,P00478,warehouse,2026-02-17,handover,final,11.38,0.6259
I00170685,O0045005-B3,O0045005,P00757,warehouse,2026-02-14,handover,final,0.99,0.0544
I00050424,O0013301-B1,O0013301,P00528,warehouse,2026-02-17,handover,final,3.79,0.2084
I00114992,O0030247-B1,O0030247,P00361,merchant_shipped,2026-02-20,handover,final,1.49,0.082
I00024372,O0006440-B1,O0006440,P00526,retail,2026-02-09,handover,final,3.85,0.2118
I00070144,O0018487-B1,O0018487,P00013,warehouse,2026-02-01,handover,final,1.78,0.0979
I00033025,O0008704-B1,O0008704,P00793,warehouse,2026-02-22,handover,final,0.99,0.0544
I00103844,O0027265-B2,O0027265,P00464,warehouse,2026-02-13,handover,final,1.35,0.0743
I00147518,O0038904-B1,O0038904,P00544,warehouse,2026-02-02,handover,final,0.99,0.0544
I00108175,O0028429-B1,O0028429,P00497,warehouse,2026-02-22,handover,final,1.31,0.072
I00010424,O0002738-B1,O0002738,P00063,warehouse,2026-02-07,handover,final,1.09,0.06
I00147367,O0038861-B1,O0038861,P00615,warehouse,2026-02-14,handover,final,0.99,0.0544
I00199780,O0052691-B2,O0052691,P00710,warehouse,2026-02-07,handover,final,0.99,0.0544
I00090267,O0023738-B2,O0023738,P00711,warehouse,2026-02-22,handover,final,4.47,0.2458
I00103156,O0027071-B1,O0027071,P00833,warehouse,2026-02-14,handover,final,0.99,0.0544
R00108041,O0028395-B1,O0028395,P00528,merchant_shipped,2026-02-21,handover_return,final,-49.06,-2.5
I00158314,O0041771-B2,O0041771,P00560,warehouse,2026-02-16,handover,final,0.99,0.0544
I00204551,O0053945-B2,O0053945,P00740,warehouse,2026-02-08,handover,final,13.96,0.7678
I00152304,O0040187-B2,O0040187,P00371,warehouse,2026-02-16,handover,final,3.08,0.1694
I00053293,O0014029-B1,O0014029,P00051,warehouse,2026-02-24,handover,final,0.99,0.0544
I00073755,O0019455-B1,O0019455,P00222,merchant_shipped,2026-02-01,handover,final,1.15,0.0632
I00023611,O0006241-B1,O0006241,P00633,warehouse,2026-02-06,handover,final,1.67,0.0918
R00194811,O0051382-B1,O0051382,P00844,warehouse,2026-02-16,handover_return,final,-0.99,-0.0544
I00009854,O0002596-B1,O0002596,P00537,retail,2026-02-15,handover,final,4.15,0.2282
I00050318,O0013274-B2,O0013274,P00330,warehouse,2026-02-08,handover,final,27.35,1.5042
I00120243,O0031641-B1,O0031641,P00482,warehouse,2026-02-07,handover,final,8.8,0.484
I00104783,O0027529-B1,O0027529,P00450,cross_border,2026-02-02,handover,final,108.07,2.5
I00223535,O0058990-B1,O0058990,P00394,warehouse,2026-02-03,handover,final,0.99,0.0544
I00205761,O0054262-B1,O0054262,P00623,warehouse,2026-02-26,handover,final,0.99,0.0544
I00000829,O0000223-B1,O0000223,P00535,warehouse,2026-02-13,handover,final,1.43,0.0786
I00205607,O0054224-B1,O0054224,P00434,warehouse,2026-02-08,handover,final,1.15,0.0632
I00127896,O0033688-B2,O0033688,P00023,warehouse,2026-02-11,handover,final,2.16,0.1188
I00114277,O0030058-B1,O0030058,P00383,warehouse,2026-02-27,handover,final,0.99,0.0544
I00155758,O0041100-B1,O0041100,P00810,warehouse,2026-02-07,handover,final,0.99,0.0544
I00211579,O0055747-B1,O0055747,P00117,cross_border,2026-02-02,handover,final,14.25,0.7838
I00149000,O0039300-B1,O0039300,P00157,warehouse,2026-02-26,handover,final,6.42,0.3531
I00179241,O0047329-B2,O0047329,P00551,warehouse,2026-02-21,handover,final,1.92,0.1056
C00097504,O0025650-B1,O0025650,P00516,warehouse,2026-02-07,handover,corrected,7.73,0.4252
I00143675,O0037874-B1,O0037874,P00329,warehouse,2026-02-03,handover,final,0.99,0.0544
I00079907,O0021075-B1,O0021075,P00606,warehouse,2026-02-05,handover,final,21.16,1.1638
I00055158,O0014532-B1,O0014532,P00229,warehouse,2026-02-03,handover,final,0.99,0.0544
I00093750,O0024668-B1,O0024668,P00144,warehouse,2026-02-18,handover,final,3.21,0.1766
I00097421,O0025627-B1,O0025627,P00138,retail,2026-02-16,handover,final,1.29,0.071
I00160646,O0042380-B2,O0042380,P00283,warehouse,2026-02-14,handover,final,2.35,0.1292
I00123610,O0032543-B1,O0032543,P00738,warehouse,2026-02-08,handover,final,26.17,1.4394
I00082456,O0021745-B1,O0021745,P00308,retail,2026-02-09,handover,final,2.67,0.1468
I00148869,O0039269-B1,O0039269,P00062,warehouse,2026-02-11,handover,final,0.99,0.0544
I00055085,O0014512-B1,O0014512,P00459,retail,2026-02-08,handover,final,1.03,0.0566
I00033983,O0008981-B1,O0008981,P00080,warehouse,2026-02-19,handover,final,1.64,0.0902
I00034097,O0009014-B1,O0009014,P00582,warehouse,2026-02-14,handover,final,0.99,0.0544
I00036276,O0009604-B1,O0009604,P00497,warehouse,2026-02-09,handover,final,0.99,0.0544
I00013186,O0003456-B1,O0003456,P00527,warehouse,2026-02-20,handover,final,0.99,0.0544
I00103582,O0027188-B1,O0027188,P00644,merchant_shipped,2026-02-06,handover,final,6.34,0.3487
I00082973,O0021870-B1,O0021870,P00636,warehouse,2026-02-18,handover,final,9.78,0.5379
I00118130,O0031101-B1,O0031101,P00139,warehouse,2026-02-27,handover,final,7.87,0.4328
I00109019,O0028647-B1,O0028647,P00684,warehouse,2026-02-06,handover,final,4.0,0.22
I00033319,O0008790-B2,O0008790,P00257,warehouse,2026-03-03,handover,final,0.99,0.0544
I00131420,O0034599-B1,O0034599,P00440,warehouse,2026-02-03,handover,final,2.76,0.1518
I00168561,O0044431-B2,O0044431,P00482,warehouse,2026-02-14,handover,final,0.99,0.0544
I00069023,O0018170-B1,O0018170,P00226,warehouse,2026-02-18,handover,final,1.76,0.0968
I00091447,O0024043-B2,O0024043,P00051,warehouse,2026-02-19,handover,final,14.78,0.8129
I00139157,O0036690-B1,O0036690,P00512,retail,2026-02-13,handover,final,2.19,0.1204
I00033131,O0008734-B1,O0008734,P00279,merchant_shipped,2026-02-16,handover,final,3.96,0.2178
I00037506,O0009924-B1,O0009924,P00672,warehouse,2026-02-25,handover,final,0.99,0.0544
I00085133,O0022426-B1,O0022426,P00370,warehouse,2026-02-07,handover,final,1.14,0.0627
I00174844,O0046123-B1,O0046123,P00744,merchant_shipped,2026-02-20,handover,final,7.84,0.4312
I00130032,O0034255-B1,O0034255,P00803,warehouse,2026-02-09,handover,final,0.99,0.0544
I00059947,O0015795-B1,O0015795,P00374,warehouse,2026-02-11,handover,final,8.43,0.4636
I00203006,O0053521-B1,O0053521,P00843,warehouse,2026-02-22,handover,final,4.96,0.2728
I00127500,O0033569-B1,O0033569,P00715,warehouse,2026-02-23,handover,final,0.99,0.0544
I00133184,O0035078-B2,O0035078,P00428,warehouse,2026-02-04,handover,final,1.34,0.0737
I00035499,O0009397-B1,O0009397,P00223,warehouse,2026-02-22,handover,final,5.74,0.3157
I00030765,O0008125-B2,O0008125,P00003,warehouse,2026-02-07,handover,final,1.43,0.0786
I00021395,O0005660-B1,O0005660,P00593,warehouse,2026-02-12,handover,final,9.17,0.5044
I00109489,O0028770-B2,O0028770,P00602,cross_border,2026-02-25,handover,final,8.42,0.4631
I00037667,O0009966-B1,O0009966,P00501,warehouse,2026-02-15,handover,final,8.91,0.49
I00175467,O0046291-B1,O0046291,P00248,warehouse,2026-02-13,handover,final,3.37,0.1854
I00221010,O0058280-B1,O0058280,P00097,warehouse,2026-02-13,handover,final,9.52,0.5236
I00175118,O0046196-B1,O0046196,P00143,warehouse,2026-02-20,handover,final,1.59,0.0874
I00191971,O0050625-B1,O0050625,P00278,warehouse,2026-02-27,handover,final,2.27,0.1248
I00160433,O0042315-B1,O0042315,P00073,cross_border,2026-02-04,handover,final,5.77,0.3173
R00020337,O0005370-B1,O0005370,P00041,warehouse,2026-02-26,handover_return,final,-1.44,-0.0792
I00113541,O0029870-B1,O0029870,P00612,warehouse,2026-02-16,handover,final,1.37,0.0754
I00002491,O0000657-B1,O0000657,P00591,warehouse,2026-02-21,handover,final,3.82,0.2101
I00084628,O0022300-B1,O0022300,P00351,retail,2026-02-08,handover,final,7.82,0.4301
I00193093,O0050922-B2,O0050922,P00253,warehouse,2026-02-10,handover,final,0.99,0.0544
I00015158,O0003974-B1,O0003974,P00213,warehouse,2026-02-24,handover,final,2.16,0.1188
I00193892,O0051149-B1,O0051149,P00549,warehouse,2026-02-15,handover,final,2.21,0.1216
C00097973,O0025773-B2,O0025773,P00685,warehouse,2026-02-04,handover,corrected,1.32,0.0726
I00129859,O0034213-B1,O0034213,P00624,retail,2026-02-08,handover,final,1.0,0.055
I00006513,O0001695-B1,O0001695,P00611,warehouse,2026-02-23,handover,final,0.99,0.0544
I00085664,O0022558-B1,O0022558,P00403,warehouse,2026-02-15,handover,final,4.3,0.2365
I00135658,O0035743-B1,O0035743,P00593,warehouse,2026-02-17,handover,final,2.21,0.1216
I00164932,O0043485-B2,O0043485,P00450,warehouse,2026-02-11,handover,final,0.99,0.0544
I00100926,O0026534-B1,O0026534,P00446,warehouse,2026-02-10,handover,final,0.99,0.0544
I00143027,O0037693-B1,O0037693,P00061,warehouse,2026-02-28,handover,final,0.99,0.0544
I00126309,O0033233-B1,O0033233,P00559,warehouse,2026-02-03,handover,final,2.5,0.1375
I00189907,O0050068-B1,O0050068,P00064,warehouse,2026-02-18,handover,final,1.64,0.0902
I00034977,O0009253-B1,O0009253,P00051,warehouse,2026-02-10,handover,final,1.63,0.0896
I00115426,O0030362-B1,O0030362,P00733,warehouse,2026-02-01,handover,final,0.99,0.0544
I00172093,O0045394-B1,O0045394,P00659,warehouse,2026-02-06,handover,final,2.93,0.1612
I00055094,O0014515-B1,O0014515,P00727,warehouse,2026-02-20,handover,final,7.95,0.4372
I00039333,O0010397-B3,O0010397,P00348,warehouse,2026-02-19,handover,final,1.36,0.0748
I00048662,O0012828-B1,O0012828,P00550,warehouse,2026-02-12,handover,final,12.17,0.6694
I00051146,O0013476-B1,O0013476,P00291,warehouse,2026-02-11,handover,final,1.73,0.0952
I00211563,O0055743-B3,O0055743,P00178,warehouse,2026-02-11,handover,final,0.99,0.0544
I00000600,O0000159-B2,O0000159,P00437,warehouse,2026-02-19,handover,final,54.15,2.5
I00139210,O0036702-B1,O0036702,P00048,warehouse,2026-02-01,handover,final,4.02,0.2211
I00107979,O0028380-B1,O0028380,P00727,warehouse,2026-02-15,handover,final,4.91,0.27
I00124978,O0032916-B1,O0032916,P00589,warehouse,2026-02-02,handover,final,0.99,0.0544
I00096400,O0025368-B1,O0025368,P00848,warehouse,2026-02-01,handover,final,0.99,0.0544
I00035308,O0009353-B1,O0009353,P00183,retail,2026-02-10,handover,final,0.99,0.0544
I00216414,O0057049-B1,O0057049,P00577,cross_border,2026-02-18,handover,final,1.71,0.094
I00069524,O0018315-B1,O0018315,P00371,warehouse,2026-02-10,handover,final,2.21,0.1216
I00045005,O0011885-B1,O0011885,P00259,warehouse,2026-02-04,handover,final,4.85,0.2668
I00073244,O0019324-B1,O0019324,P00363,warehouse,2026-02-11,handover,final,4.78,0.2629
I00176562,O0046593-B1,O0046593,P00569,warehouse,2026-02-12,handover,final,2.75,0.1512
C00189515,O0049974-B1,O0049974,P00492,cross_border,2026-02-03,handover,corrected,110.24,2.5
I00039683,O0010483-B3,O0010483,P00681,warehouse,2026-02-07,handover,final,4.08,0.2244
I00013285,O0003485-B2,O0003485,P00404,warehouse,2026-02-12,handover,final,3.07,0.1688
I00068637,O0018070-B1,O0018070,P00417,warehouse,2026-02-13,handover,final,0.99,0.0544
I00050713,O0013376-B2,O0013376,P00675,warehouse,2026-02-26,handover,final,6.03,0.3316
I00087954,O0023149-B1,O0023149,P00630,warehouse,2026-02-03,handover,final,0.99,0.0544
I00023895,O0006315-B2,O0006315,P00763,warehouse,2026-02-18,handover,final,6.57,0.3614
R00027017,O0007138-B1,O0007138,P00273,warehouse,2026-02-21,handover_return,final,-0.99,-0.0544
I00192384,O0050731-B1,O0050731,P00607,warehouse,2026-02-27,handover,final,2.26,0.1243
I00167217,O0044094-B1,O0044094,P00121,warehouse,2026-02-18,handover,final,0.99,0.0544
I00107145,O0028162-B1,O0028162,P00290,warehouse,2026-02-07,handover,final,6.57,0.3614
I00051745,O0013631-B1,O0013631,P00777,warehouse,2026-02-24,handover,final,6.98,0.3839
I00134613,O0035472-B1,O0035472,P00018,cross_border,2026-02-04,handover,final,18.86,1.0373
I00151572,O0039995-B1,O0039995,P00550,warehouse,2026-02-25,handover,final,0.99,0.0544
I00008734,O0002287-B1,O0002287,P00321,warehouse,2026-02-12,handover,final,0.99,0.0544
I00132701,O0034955-B1,O0034955,P00747,warehouse,2026-02-15,handover,final,5.01,0.2756
I00165937,O0043741-B2,O0043741,P00489,warehouse,2026-02-04,handover,final,1.83,0.1006
I00029832,O0007883-B1,O0007883,P00057,warehouse,2026-02-08,handover,final,0.99,0.0544
C00075186,O0019827-B1,O0019827,P00777,retail,2026-02-27,handover,corrected,3.94,0.2167
I00197945,O0052196-B2,O0052196,P00096,warehouse,2026-02-27,handover,final,1.05,0.0578
I00083183,O0021925-B1,O0021925,P00447,warehouse,2026-02-17,handover,final,2.39,0.1314
I00162737,O0042941-B1,O0042941,P00125,warehouse,2026-02-27,handover,final,34.89,1.919
I00225242,O0059457-B1,O0059457,P00627,merchant_shipped,2026-02-06,handover,final,16.89,0.929
I00221763,O0058497-B1,O0058497,P00735,merchant_shipped,2026-02-07,handover,final,5.79,0.3184
I00164673,O0043423-B2,O0043423,P00090,warehouse,2026-02-26,handover,final,1.31,0.072
I00179235,O0047329-B1,O0047329,P00551,warehouse,2026-02-20,handover,final,0.99,0.0544
I00028652,O0007560-B2,O0007560,P00665,warehouse,2026-02-10,handover,final,8.16,0.4488
I00135624,O0035731-B1,O0035731,P00451,warehouse,2026-02-14,handover,final,0.99,0.0544
I00084272,O0022208-B2,O0022208,P00239,warehouse,2026-02-12,handover,final,0.99,0.0544
I00188292,O0049660-B1,O0049660,P00018,warehouse,2026-02-21,handover,final,11.3,0.6215
I00095532,O0025143-B1,O0025143,P00476,retail,2026-02-12,handover,final,0.99,0.0544
I00159373,O0042045-B1,O0042045,P00087,warehouse,2026-02-15,handover,final,27.83,1.5306
I00175488,O0046296-B1,O0046296,P00625,cross_border,2026-02-17,handover,final,12.21,0.6716
I00155406,O0041006-B1,O0041006,P00669,warehouse,2026-02-06,handover,final,0.99,0.0544
I00203628,O0053694-B1,O0053694,P00155,warehouse,2026-02-05,handover,final,4.13,0.2272
I00009339,O0002449-B1,O0002449,P00027,warehouse,2026-02-27,handover,final,0.99,0.0544
I00177901,O0046972-B1,O0046972,P00390,warehouse,2026-02-17,handover,final,24.55,1.3502
I00066485,O0017491-B1,O0017491,P00790,warehouse,2026-02-01,handover,final,1.29,0.071
I00195286,O0051508-B1,O0051508,P00624,warehouse,2026-02-25,handover,final,1.25,0.0688
I00026531,O0007014-B2,O0007014,P00455,warehouse,2026-02-20,handover,final,1.47,0.0808
I00057388,O0015138-B1,O0015138,P00296,warehouse,2026-02-08,handover,final,0.99,0.0544
I00133249,O0035092-B3,O0035092,P00583,warehouse,2026-02-06,handover,final,2.79,0.1534
I00073718,O0019444-B2,O0019444,P00288,warehouse,2026-02-14,handover,final,1.52,0.0836
I00087572,O0023063-B1,O0023063,P00530,warehouse,2026-02-24,handover,final,3.02,0.1661
I00042432,O0011195-B2,O0011195,P00405,warehouse,2026-02-08,handover,final,4.5,0.2475
I00062320,O0016406-B1,O0016406,P00428,warehouse,2026-02-07,handover,final,0.99,0.0544
I00078132,O0020595-B1,O0020595,P00568,warehouse,2026-02-09,handover,final,24.63,1.3546
I00133782,O0035247-B2,O0035247,P00627,warehouse,2026-02-07,handover,final,2.49,0.137
I00049552,O0013077-B1,O0013077,P00280,retail,2026-02-25,handover,final,3.23,0.1776
I00085784,O0022588-B1,O0022588,P00429,merchant_shipped,2026-02-01,handover,final,58.92,2.5
I00129279,O0034063-B1,O0034063,P00468,warehouse,2026-02-14,handover,final,0.99,0.0544
I00177137,O0046755-B1,O0046755,P00495,warehouse,2026-02-08,handover,final,2.45,0.1348
I00223804,O0059055-B1,O0059055,P00822,merchant_shipped,2026-02-11,handover,final,7.21,0.3966
I00194362,O0051254-B1,O0051254,P00261,warehouse,2026-02-27,handover,final,0.99,0.0544
I00140788,O0037117-B1,O0037117,P00709,warehouse,2026-02-03,handover,final,18.39,1.0114
I00090917,O0023906-B1,O0023906,P00032,warehouse,2026-02-19,handover,final,23.45,1.2898
I00212672,O0056044-B1,O0056044,P00211,warehouse,2026-02-11,handover,final,3.01,0.1656
I00147762,O0038969-B1,O0038969,P00550,cross_border,2026-02-16,handover,final,0.99,0.0544
I00188018,O0049596-B1,O0049596,P00305,merchant_shipped,2026-02-20,handover,final,9.76,0.5368
I00167402,O0044144-B1,O0044144,P00581,warehouse,2026-02-01,handover,final,3.25,0.1788
I00048045,O0012671-B2,O0012671,P00304,warehouse,2026-02-10,handover,final,9.04,0.4972
I00015473,O0004061-B1,O0004061,P00754,warehouse,2026-02-03,handover,final,1.13,0.0622
I00000167,O0000039-B2,O0000039,P00489,warehouse,2026-02-08,handover,final,23.52,1.2936
I00068931,O0018146-B2,O0018146,P00721,warehouse,2026-02-02,handover,final,0.99,0.0544
I00200534,O0052891-B1,O0052891,P00044,warehouse,2026-02-28,handover,final,0.99,0.0544
I00217015,O0057204-B1,O0057204,P00637,merchant_shipped,2026-02-16,handover,final,18.24,1.0032
I00186202,O0049089-B1,O0049089,P00454,warehouse,2026-02-04,handover,final,0.99,0.0544
I00154154,O0040680-B1,O0040680,P00377,warehouse,2026-02-14,handover,final,0.99,0.0544
I00227272,O0059989-B1,O0059989,P00019,warehouse,2026-02-15,handover,final,5.32,0.2926
I00189299,O0049911-B2,O0049911,P00392,cross_border,2026-02-17,handover,final,1.38,0.0759
I00156216,O0041217-B1,O0041217,P00708,warehouse,2026-02-05,handover,final,2.31,0.127
I00132305,O0034841-B1,O0034841,P00167,warehouse,2026-02-22,handover,final,5.07,0.2789
I00066369,O0017455-B1,O0017455,P00377,retail,2026-02-17,handover,final,3.48,0.1914
I00100640,O0026459-B1,O0026459,P00109,warehouse,2026-02-27,handover,final,0.99,0.0544
I00210513,O0055453-B1,O0055453,P00026,warehouse,2026-02-04,handover,final,0.99,0.0544
I00027262,O0007204-B1,O0007204,P00277,warehouse,2026-02-26,handover,final,0.99,0.0544
I00071689,O0018906-B1,O0018906,P00217,warehouse,2026-02-09,handover,final,1.91,0.105
I00016606,O0004373-B1,O0004373,P00433,warehouse,2026-02-13,handover,final,21.2,1.166
I00041586,O0010983-B1,O0010983,P00713,warehouse,2026-02-08,handover,final,0.99,0.0544
I00041068,O0010843-B1,O0010843,P00646,warehouse,2026-02-10,handover,final,1.18,0.0649
I00024579,O0006492-B1,O0006492,P00598,warehouse,2026-02-07,handover,final,1.53,0.0842
I00056891,O0014998-B1,O0014998,P00236,warehouse,2026-02-13,handover,final,2.59,0.1424
I00202019,O0053272-B2,O0053272,P00223,warehouse,2026-02-27,handover,final,13.73,0.7552
I00083775,O0022093-B1,O0022093,P00127,warehouse,2026-02-01,handover,final,2.24,0.1232
I00173393,O0045735-B1,O0045735,P00220,warehouse,2026-02-09,handover,final,0.99,0.0544
I00086933,O0022901-B1,O0022901,P00643,warehouse,2026-02-25,handover,final,1.57,0.0864
I00226363,O0059758-B1,O0059758,P00779,warehouse,2026-02-20,handover,final,0.99,0.0544
I00139114,O0036675-B2,O0036675,P00128,warehouse,2026-02-17,handover,final,2.9,0.1595
I00225232,O0059454-B1,O0059454,P00368,cross_border,2026-02-27,handover,final,2.95,0.1622
I00031584,O0008327-B2,O0008327,P00649,warehouse,2026-02-19,handover,final,2.29,0.126
I00096271,O0025338-B1,O0025338,P00258,cross_border,2026-02-07,handover,final,1.5,0.0825
I00029549,O0007806-B2,O0007806,P00442,warehouse,2026-02-10,handover,final,0.99,0.0544
I00109669,O0028816-B1,O0028816,P00532,warehouse,2026-02-15,handover,final,0.99,0.0544
I00168459,O0044406-B1,O0044406,P00598,warehouse,2026-02-21,handover,final,0.99,0.0544
I00000961,O0000254-B1,O0000254,P00723,warehouse,2026-02-10,handover,final,18.51,1.0181
I00076652,O0020215-B1,O0020215,P00576,warehouse,2026-02-17,handover,final,0.99,0.0544
I00140617,O0037073-B1,O0037073,P00803,warehouse,2026-02-25,handover,final,0.99,0.0544
I00000913,O0000243-B3,O0000243,P00424,warehouse,2026-02-14,handover,final,12.17,0.6694
I00191815,O0050589-B2,O0050589,P00836,warehouse,2026-02-16,handover,final,0.99,0.0544
I00074746,O0019713-B1,O0019713,P00801,warehouse,2026-02-18,handover,final,0.99,0.0544
I00215237,O0056733-B1,O0056733,P00242,cross_border,2026-02-08,handover,final,1.24,0.0682
I00103094,O0027057-B1,O0027057,P00053,warehouse,2026-02-23,handover,final,16.79,0.9234
I00029125,O0007690-B1,O0007690,P00425,warehouse,2026-02-24,handover,final,1.5,0.0825
I00147050,O0038772-B1,O0038772,P00002,warehouse,2026-02-21,handover,final,0.99,0.0544
I00124896,O0032895-B1,O0032895,P00080,warehouse,2026-02-14,handover,final,0.99,0.0544
I00037418,O0009898-B1,O0009898,P00173,merchant_shipped,2026-02-11,handover,final,5.2,0.286
I00039641,O0010473-B2,O0010473,P00055,warehouse,2026-02-24,handover,final,0.99,0.0544
I00088953,O0023408-B1,O0023408,P00506,warehouse,2026-02-03,handover,final,11.27,0.6198
I00015662,O0004117-B1,O0004117,P00414,warehouse,2026-02-14,handover,final,44.34,2.4387
I00181600,O0047929-B1,O0047929,P00258,warehouse,2026-02-25,handover,final,5.33,0.2932
I00158388,O0041789-B1,O0041789,P00324,warehouse,2026-02-05,handover,final,3.05,0.1677
I00149639,O0039484-B1,O0039484,P00111,cross_border,2026-02-04,handover,final,3.26,0.1793
I00009901,O0002609-B1,O0002609,P00059,warehouse,2026-02-18,handover,final,6.39,0.3514
I00148604,O0039204-B1,O0039204,P00152,warehouse,2026-02-25,handover,final,1.55,0.0853
I00128518,O0033847-B1,O0033847,P00523,warehouse,2026-02-01,handover,final,1.57,0.0864
I00093057,O0024484-B1,O0024484,P00768,warehouse,2026-02-26,handover,final,1.69,0.0929
I00167632,O0044200-B2,O0044200,P00743,warehouse,2026-02-05,handover,final,2.24,0.1232
R00102134,O0026822-B2,O0026822,P00594,warehouse,2026-02-12,handover_return,final,-0.99,-0.0544
I00011930,O0003139-B1,O0003139,P00089,warehouse,2026-02-26,handover,final,2.32,0.1276
I00032653,O0008604-B2,O0008604,P00583,warehouse,2026-02-20,handover,final,0.99,0.0544
I00205342,O0054149-B2,O0054149,P00423,warehouse,2026-02-23,handover,final,0.99,0.0544
I00091009,O0023928-B1,O0023928,P00100,warehouse,2026-02-12,handover,final,0.99,0.0544
I00186767,O0049239-B1,O0049239,P00038,warehouse,2026-02-17,handover,final,0.99,0.0544
I00133175,O0035074-B1,O0035074,P00382,warehouse,2026-02-05,handover,final,4.1,0.2255
I00028674,O0007566-B1,O0007566,P00594,warehouse,2026-02-06,handover,final,0.99,0.0544
I00139526,O0036789-B2,O0036789,P00232,warehouse,2026-02-13,handover,final,0.99,0.0544
I00154690,O0040824-B1,O0040824,P00119,warehouse,2026-02-12,handover,final,8.3,0.4565
I00215157,O0056712-B1,O0056712,P00155,warehouse,2026-02-28,handover,final,1.77,0.0974
I00160785,O0042423-B1,O0042423,P00486,warehouse,2026-02-27,handover,final,3.22,0.1771
I00078006,O0020559-B1,O0020559,P00002,warehouse,2026-02-23,handover,final,1.33,0.0732
I00051040,O0013446-B1,O0013446,P00489,warehouse,2026-02-20,handover,final,1.28,0.0704
I00221578,O0058445-B1,O0058445,P00103,warehouse,2026-02-11,handover,final,6.61,0.3636
I00178473,O0047129-B1,O0047129,P00043,warehouse,2026-02-02,handover,final,0.99,0.0544
I00178548,O0047150-B1,O0047150,P00281,warehouse,2026-02-25,handover,final,3.49,0.192
I00136821,O0036052-B1,O0036052,P00425,warehouse,2026-02-06,handover,final,1.14,0.0627
I00158814,O0041899-B1,O0041899,P00513,warehouse,2026-02-23,handover,final,0.99,0.0544
I00060149,O0015848-B1,O0015848,P00109,retail,2026-02-02,handover,final,5.58,0.3069
I00021480,O0005685-B1,O0005685,P00497,warehouse,2026-02-12,handover,final,0.99,0.0544
I00056293,O0014838-B1,O0014838,P00431,warehouse,2026-02-03,handover,final,3.31,0.1821
